model,dataset,base,condition_type,stratum,stratum_midpoint,n,case1,case2,case3,case4,n_eligible,n_adopted,adopt_cond,adopt_cond_ci_lo,adopt_cond_ci_hi,df_uncond,df_cond,acc,acc_drop,baseline_acc
llava-next-interleaved-7b,VQAv2,all,anchor,S1,0.5,1000,601,78,47,274,726,78,0.10743801652892562,0.08674242424242425,0.12947658402203857,0.114,0.14335060449050085,0.7133333333333333,0.014000000000000012,0.7273333333333333
llava-next-interleaved-7b,VQAv2,all,anchor,S2,3.5,1000,948,30,2,20,980,30,0.030612244897959183,0.021403061224489796,0.04183673469387755,0.11,0.11224489795918367,0.697,0.030333333333333323,0.7273333333333333
llava-next-interleaved-7b,VQAv2,all,anchor,S3,18.0,1000,978,20,1,1,999,20,0.02002002002002002,0.012012012012012012,0.02902902902902903,0.076,0.07607607607607608,0.6903333333333332,0.03700000000000003,0.7273333333333333
llava-next-interleaved-7b,VQAv2,all,anchor,S4,165.0,1000,984,16,0,0,1000,16,0.016,0.009,0.024,0.073,0.073,0.693,0.03433333333333333,0.7273333333333333
llava-next-interleaved-7b,VQAv2,all,anchor,S5,650.0,1000,987,13,0,0,1000,13,0.013,0.006,0.02,0.065,0.065,0.696,0.031333333333333324,0.7273333333333333
llava-next-interleaved-7b,VQAv2,all,masked,S1,0.5,1000,637,42,44,277,723,42,0.058091286307053944,0.04149377593360996,0.07607192254495158,0.078,0.09705372616984402,0.716,0.011333333333333306,0.7273333333333333
llava-next-interleaved-7b,VQAv2,all,masked,S2,3.5,1000,971,7,4,18,982,7,0.007128309572301426,0.003054989816700611,0.013238289205702648,0.087,0.08859470468431772,0.7186666666666667,0.0086666666666666,0.7273333333333333
llava-next-interleaved-7b,VQAv2,all,masked,S3,18.0,1000,996,2,1,1,999,2,0.002002002002002002,0.0,0.005005005005005005,0.052,0.05205205205205205,0.7186666666666668,0.00866666666666649,0.7273333333333333
llava-next-interleaved-7b,VQAv2,all,masked,S4,165.0,1000,1000,0,0,0,1000,0,0.0,0.0,0.0,0.046,0.046,0.7043333333333333,0.02300000000000002,0.7273333333333333
llava-next-interleaved-7b,VQAv2,all,masked,S5,650.0,1000,1000,0,0,0,1000,0,0.0,0.0,0.0,0.037,0.037,0.72,0.007333333333333303,0.7273333333333333
llava-next-interleaved-7b,VQAv2,all,neutral,all,,1000,0,0,0,0,0,0,,,,0.0,,0.7136666666666667,0.013666666666666605,0.7273333333333333
llava-next-interleaved-7b,VQAv2,all,baseline,all,,1000,0,0,0,0,0,0,,,,0.0,,0.7273333333333333,0.0,0.7273333333333333
llava-next-interleaved-7b,VQAv2,correct,anchor,S1,0.5,601,341,36,24,200,401,36,0.08977556109725686,0.06234413965087282,0.11970074812967581,0.06821963394342762,0.10875331564986737,0.9068219633943427,0.09317803660565727,1.0
llava-next-interleaved-7b,VQAv2,correct,anchor,S2,3.5,601,580,21,0,0,601,21,0.03494176372712146,0.019966722129783693,0.04991680532445923,0.10149750415973377,0.10149750415973377,0.8951747088186356,0.10482529118136441,1.0
llava-next-interleaved-7b,VQAv2,correct,anchor,S3,18.0,601,588,13,0,0,601,13,0.021630615640599003,0.011647254575707155,0.03494176372712146,0.07154742096505824,0.07154742096505824,0.8907376594564613,0.10926234054353867,1.0
llava-next-interleaved-7b,VQAv2,correct,anchor,S4,165.0,601,590,11,0,0,601,11,0.018302828618968387,0.008319467554076539,0.029950083194675542,0.0632279534109817,0.0632279534109817,0.9007210205213532,0.09927897947864683,1.0
llava-next-interleaved-7b,VQAv2,correct,anchor,S5,650.0,601,591,10,0,0,601,10,0.016638935108153077,0.0066555740432612314,0.028286189683860232,0.059900166389351084,0.059900166389351084,0.9012756516916252,0.09872434830837484,1.0
llava-next-interleaved-7b,VQAv2,correct,masked,S1,0.5,601,357,20,23,201,400,20,0.05,0.03,0.07,0.04159733777038269,0.06631299734748011,0.9245701608430396,0.07542983915696044,1.0
llava-next-interleaved-7b,VQAv2,correct,masked,S2,3.5,601,597,4,0,0,601,4,0.0066555740432612314,0.0016638935108153079,0.014975041597337771,0.06988352745424292,0.06988352745424292,0.9284525790349417,0.07154742096505828,1.0
llava-next-interleaved-7b,VQAv2,correct,masked,S3,18.0,601,601,0,0,0,601,0,0.0,0.0,0.0,0.04658901830282862,0.04658901830282862,0.9245701608430393,0.07542983915696067,1.0
llava-next-interleaved-7b,VQAv2,correct,masked,S4,165.0,601,601,0,0,0,601,0,0.0,0.0,0.0,0.04326123128119801,0.04326123128119801,0.9217970049916805,0.07820299500831951,1.0
llava-next-interleaved-7b,VQAv2,correct,masked,S5,650.0,601,601,0,0,0,601,0,0.0,0.0,0.0,0.03161397670549085,0.03161397670549085,0.9378813089295618,0.062118691070438214,1.0
llava-next-interleaved-7b,VQAv2,correct,neutral,all,,601,0,0,0,0,0,0,,,,0.0,,0.9118136439267887,0.08818635607321135,1.0
llava-next-interleaved-7b,VQAv2,correct,baseline,all,,601,0,0,0,0,0,0,,,,0.0,,1.0,0.0,1.0
llava-next-interleaved-7b,VQAv2,wrong,anchor,S1,0.5,399,260,42,23,74,325,42,0.12923076923076923,0.09230769230769231,0.16923076923076924,0.18295739348370926,0.2079207920792079,0.4218880534670008,-0.10526315789473684,0.316624895572264
llava-next-interleaved-7b,VQAv2,wrong,anchor,S2,3.5,399,368,9,2,20,379,9,0.023746701846965697,0.010554089709762533,0.04221635883905013,0.12280701754385964,0.12928759894459102,0.39849624060150374,-0.08187134502923976,0.316624895572264
llava-next-interleaved-7b,VQAv2,wrong,anchor,S3,18.0,399,390,7,1,1,398,7,0.017587939698492462,0.005025125628140704,0.032663316582914576,0.08270676691729323,0.0829145728643216,0.38847117794486213,-0.07184628237259816,0.316624895572264
llava-next-interleaved-7b,VQAv2,wrong,anchor,S4,165.0,399,394,5,0,0,399,5,0.012531328320802004,0.002506265664160401,0.02506265664160401,0.08771929824561403,0.08771929824561403,0.3801169590643275,-0.06349206349206354,0.316624895572264
llava-next-interleaved-7b,VQAv2,wrong,anchor,S5,650.0,399,396,3,0,0,399,3,0.007518796992481203,0.0,0.017543859649122806,0.07268170426065163,0.07268170426065163,0.3868003341687552,-0.07017543859649122,0.316624895572264
llava-next-interleaved-7b,VQAv2,wrong,masked,S1,0.5,399,280,22,21,76,323,22,0.06811145510835913,0.04024767801857585,0.09605263157894729,0.13283208020050125,0.155,0.4018379281537176,-0.08521303258145363,0.316624895572264
llava-next-interleaved-7b,VQAv2,wrong,masked,S2,3.5,399,374,3,4,18,381,3,0.007874015748031496,0.0,0.01837270341207349,0.11278195488721804,0.11811023622047244,0.4026733500417711,-0.08604845446950715,0.316624895572264
llava-next-interleaved-7b,VQAv2,wrong,masked,S3,18.0,399,395,2,1,1,398,2,0.005025125628140704,0.0,0.01256281407035176,0.06015037593984962,0.06030150753768844,0.40852130325814534,-0.09189640768588136,0.316624895572264
llava-next-interleaved-7b,VQAv2,wrong,masked,S4,165.0,399,399,0,0,0,399,0,0.0,0.0,0.0,0.05012531328320802,0.05012531328320802,0.3767752715121136,-0.06015037593984962,0.316624895572264
llava-next-interleaved-7b,VQAv2,wrong,masked,S5,650.0,399,399,0,0,0,399,0,0.0,0.0,0.0,0.045112781954887216,0.045112781954887216,0.391812865497076,-0.07518796992481203,0.316624895572264
llava-next-interleaved-7b,VQAv2,wrong,neutral,all,,399,0,0,0,0,0,0,,,,0.0,,0.4152046783625731,-0.0985797827903091,0.316624895572264
llava-next-interleaved-7b,VQAv2,wrong,baseline,all,,399,0,0,0,0,0,0,,,,0.0,,0.316624895572264,0.0,0.316624895572264
llava-next-interleaved-7b,TallyQA,all,anchor,S1,0.5,1000,644,50,33,273,727,50,0.0687757909215956,0.05089408528198074,0.08803301237964237,0.086,0.09931506849315068,0.21633333333333332,0.0016666666666666774,0.218
llava-next-interleaved-7b,TallyQA,all,anchor,S2,3.5,1000,973,9,4,14,986,9,0.009127789046653144,0.004031440162271807,0.015212981744421906,0.072,0.07302231237322515,0.213,0.0050000000000000044,0.218
llava-next-interleaved-7b,TallyQA,all,anchor,S3,18.0,1000,999,0,1,0,1000,0,0.0,0.0,0.0,0.042,0.042,0.21233333333333332,0.005666666666666681,0.218
llava-next-interleaved-7b,TallyQA,all,anchor,S4,165.0,1000,998,2,0,0,1000,2,0.002,0.0,0.005,0.052,0.052,0.216,0.0020000000000000018,0.218
llava-next-interleaved-7b,TallyQA,all,anchor,S5,650.0,1000,1000,0,0,0,1000,0,0.0,0.0,0.0,0.039,0.039,0.215,0.0030000000000000027,0.218
llava-next-interleaved-7b,TallyQA,all,masked,S1,0.5,1000,657,37,38,268,732,37,0.050546448087431695,0.03415300546448088,0.06557377049180328,0.068,0.07508532423208192,0.216,0.0020000000000000018,0.218
llava-next-interleaved-7b,TallyQA,all,masked,S2,3.5,1000,975,7,4,14,986,7,0.007099391480730223,0.0030425963488843813,0.013184584178498986,0.072,0.07302231237322515,0.21433333333333332,0.003666666666666679,0.218
llava-next-interleaved-7b,TallyQA,all,masked,S3,18.0,1000,999,0,1,0,1000,0,0.0,0.0,0.0,0.034,0.034,0.214,0.0040000000000000036,0.218
llava-next-interleaved-7b,TallyQA,all,masked,S4,165.0,1000,1000,0,0,0,1000,0,0.0,0.0,0.0,0.038,0.038,0.21666666666666665,0.001333333333333353,0.218
llava-next-interleaved-7b,TallyQA,all,masked,S5,650.0,1000,1000,0,0,0,1000,0,0.0,0.0,0.0,0.034,0.034,0.21666666666666665,0.001333333333333353,0.218
llava-next-interleaved-7b,TallyQA,all,neutral,all,,1000,0,0,0,0,0,0,,,,0.0,,0.20433333333333334,0.01366666666666666,0.218
llava-next-interleaved-7b,TallyQA,all,baseline,all,,1000,0,0,0,0,0,0,,,,0.0,,0.218,0.0,0.218
llava-next-interleaved-7b,TallyQA,correct,anchor,S1,0.5,654,403,19,22,210,444,19,0.04279279279279279,0.024774774774774775,0.06306306306306306,0.03363914373088685,0.052132701421800945,0.3063200815494393,0.02701325178389402,0.3333333333333333
llava-next-interleaved-7b,TallyQA,correct,anchor,S2,3.5,654,649,5,0,0,654,5,0.00764525993883792,0.0015290519877675841,0.01529051987767584,0.05045871559633028,0.05045871559633028,0.30479102956167176,0.02854230377166156,0.3333333333333333
llava-next-interleaved-7b,TallyQA,correct,anchor,S3,18.0,654,654,0,0,0,654,0,0.0,0.0,0.0,0.035168195718654434,0.035168195718654434,0.30173292558613657,0.031600407747196746,0.3333333333333333
llava-next-interleaved-7b,TallyQA,correct,anchor,S4,165.0,654,654,0,0,0,654,0,0.0,0.0,0.0,0.0382262996941896,0.0382262996941896,0.30326197757390416,0.030071355759429153,0.3333333333333333
llava-next-interleaved-7b,TallyQA,correct,anchor,S5,650.0,654,654,0,0,0,654,0,0.0,0.0,0.0,0.03363914373088685,0.03363914373088685,0.30530071355759425,0.028032619775739065,0.3333333333333333
llava-next-interleaved-7b,TallyQA,correct,masked,S1,0.5,654,409,13,25,207,447,13,0.029082774049217,0.015659955257270694,0.0447427293064877,0.022935779816513763,0.035545023696682464,0.30835881753312944,0.024974515800203878,0.3333333333333333
llava-next-interleaved-7b,TallyQA,correct,masked,S2,3.5,654,651,3,0,0,654,3,0.0045871559633027525,0.0,0.010703363914373088,0.04892966360856269,0.04892966360856269,0.30479102956167176,0.02854230377166156,0.3333333333333333
llava-next-interleaved-7b,TallyQA,correct,masked,S3,18.0,654,654,0,0,0,654,0,0.0,0.0,0.0,0.0290519877675841,0.0290519877675841,0.30632008154943935,0.027013251783893966,0.3333333333333333
llava-next-interleaved-7b,TallyQA,correct,masked,S4,165.0,654,654,0,0,0,654,0,0.0,0.0,0.0,0.03058103975535168,0.03058103975535168,0.30784913353720694,0.025484199796126372,0.3333333333333333
llava-next-interleaved-7b,TallyQA,correct,masked,S5,650.0,654,654,0,0,0,654,0,0.0,0.0,0.0,0.02599388379204893,0.02599388379204893,0.3093781855249745,0.023955147808358834,0.3333333333333333
llava-next-interleaved-7b,TallyQA,correct,neutral,all,,654,0,0,0,0,0,0,,,,0.0,,0.28848114169215083,0.04485219164118248,0.3333333333333333
llava-next-interleaved-7b,TallyQA,correct,baseline,all,,654,0,0,0,0,0,0,,,,0.0,,0.3333333333333333,0.0,0.3333333333333333
llava-next-interleaved-7b,TallyQA,wrong,anchor,S1,0.5,346,241,31,11,63,283,31,0.10954063604240283,0.07420494699646643,0.14840989399293286,0.18497109826589594,0.2222222222222222,0.046242774566473986,-0.046242774566473986,0.0
llava-next-interleaved-7b,TallyQA,wrong,anchor,S2,3.5,346,324,4,4,14,332,4,0.012048192771084338,0.0030120481927710845,0.024096385542168676,0.11271676300578035,0.11746987951807229,0.03949903660886319,-0.03949903660886319,0.0
llava-next-interleaved-7b,TallyQA,wrong,anchor,S3,18.0,346,345,0,1,0,346,0,0.0,0.0,0.0,0.05491329479768786,0.05491329479768786,0.04335260115606936,-0.04335260115606936,0.0
llava-next-interleaved-7b,TallyQA,wrong,anchor,S4,165.0,346,344,2,0,0,346,2,0.005780346820809248,0.0,0.014450867052023121,0.07803468208092486,0.07803468208092486,0.05105973025048169,-0.05105973025048169,0.0
llava-next-interleaved-7b,TallyQA,wrong,anchor,S5,650.0,346,346,0,0,0,346,0,0.0,0.0,0.0,0.049132947976878616,0.049132947976878616,0.0443159922928709,-0.0443159922928709,0.0
llava-next-interleaved-7b,TallyQA,wrong,masked,S1,0.5,346,248,24,13,61,285,24,0.08421052631578947,0.05263157894736842,0.11929824561403508,0.1531791907514451,0.17682926829268292,0.04142581888246628,-0.04142581888246628,0.0
llava-next-interleaved-7b,TallyQA,wrong,masked,S2,3.5,346,324,4,4,14,332,4,0.012048192771084338,0.0030120481927710845,0.024096385542168676,0.11560693641618497,0.12048192771084337,0.043352601156069356,-0.043352601156069356,0.0
llava-next-interleaved-7b,TallyQA,wrong,masked,S3,18.0,346,345,0,1,0,346,0,0.0,0.0,0.0,0.04335260115606936,0.04335260115606936,0.0394990366088632,-0.0394990366088632,0.0
llava-next-interleaved-7b,TallyQA,wrong,masked,S4,165.0,346,346,0,0,0,346,0,0.0,0.0,0.0,0.05202312138728324,0.05202312138728324,0.0443159922928709,-0.0443159922928709,0.0
llava-next-interleaved-7b,TallyQA,wrong,masked,S5,650.0,346,346,0,0,0,346,0,0.0,0.0,0.0,0.049132947976878616,0.049132947976878616,0.04142581888246628,-0.04142581888246628,0.0
llava-next-interleaved-7b,TallyQA,wrong,neutral,all,,346,0,0,0,0,0,0,,,,0.0,,0.04527938342967244,-0.04527938342967244,0.0
llava-next-interleaved-7b,TallyQA,wrong,baseline,all,,346,0,0,0,0,0,0,,,,0.0,,0.0,0.0,0.0
qwen2.5-vl-7b-instruct,VQAv2,all,anchor,S1,0.5,1000,648,35,27,290,710,35,0.04929577464788732,0.03380281690140845,0.06619718309859154,0.056,0.06756756756756757,0.7946666666666666,0.015666666666666718,0.8103333333333333
qwen2.5-vl-7b-instruct,VQAv2,all,anchor,S2,3.5,1000,976,9,3,12,988,9,0.009109311740890687,0.004048582995951417,0.015182186234817813,0.048,0.048582995951417005,0.791,0.019333333333333313,0.8103333333333333
qwen2.5-vl-7b-instruct,VQAv2,all,anchor,S3,18.0,1000,997,2,0,1,999,2,0.002002002002002002,0.0,0.005005005005005005,0.022,0.022022022022022022,0.8,0.010333333333333306,0.8103333333333333
qwen2.5-vl-7b-instruct,VQAv2,all,anchor,S4,165.0,1000,995,5,0,0,1000,5,0.005,0.001,0.01,0.023,0.023,0.7923333333333333,0.018000000000000016,0.8103333333333333
qwen2.5-vl-7b-instruct,VQAv2,all,anchor,S5,650.0,1000,998,2,0,0,1000,2,0.002,0.0,0.005,0.017,0.017,0.8013333333333332,0.009000000000000119,0.8103333333333333
qwen2.5-vl-7b-instruct,VQAv2,all,masked,S1,0.5,1000,652,31,23,294,706,31,0.043909348441926344,0.029745042492917848,0.059490084985835696,0.058,0.06598984771573604,0.8006666666666666,0.009666666666666712,0.8103333333333333
qwen2.5-vl-7b-instruct,VQAv2,all,masked,S2,3.5,1000,980,5,4,11,989,5,0.005055611729019211,0.0010111223458038423,0.010111223458038422,0.044,0.044489383215369056,0.7993333333333333,0.01100000000000001,0.8103333333333333
qwen2.5-vl-7b-instruct,VQAv2,all,masked,S3,18.0,1000,999,0,0,1,999,0,0.0,0.0,0.0,0.022,0.022022022022022022,0.791,0.019333333333333313,0.8103333333333333
qwen2.5-vl-7b-instruct,VQAv2,all,masked,S4,165.0,1000,1000,0,0,0,1000,0,0.0,0.0,0.0,0.014,0.014,0.796,0.014333333333333309,0.8103333333333333
qwen2.5-vl-7b-instruct,VQAv2,all,masked,S5,650.0,1000,1000,0,0,0,1000,0,0.0,0.0,0.0,0.018,0.018,0.8063333333333332,0.004000000000000115,0.8103333333333333
qwen2.5-vl-7b-instruct,VQAv2,all,neutral,all,,1000,0,0,0,0,0,0,,,,0.0,,0.7863333333333333,0.02400000000000002,0.8103333333333333
qwen2.5-vl-7b-instruct,VQAv2,all,baseline,all,,1000,0,0,0,0,0,0,,,,0.0,,0.8103333333333333,0.0,0.8103333333333333
qwen2.5-vl-7b-instruct,VQAv2,correct,anchor,S1,0.5,695,432,18,16,229,466,18,0.03862660944206009,0.02145922746781116,0.055793991416309016,0.027338129496402876,0.042222222222222223,0.9505995203836931,0.048920863309352414,0.9995203836930455
qwen2.5-vl-7b-instruct,VQAv2,correct,anchor,S2,3.5,695,690,5,0,0,695,5,0.007194244604316547,0.0014388489208633094,0.014388489208633094,0.034532374100719423,0.034532374100719423,0.9486810551558752,0.050839328537170325,0.9995203836930455
qwen2.5-vl-7b-instruct,VQAv2,correct,anchor,S3,18.0,695,694,1,0,0,695,1,0.0014388489208633094,0.0,0.004316546762589928,0.012949640287769784,0.012949640287769784,0.961630695443645,0.03788968824940053,0.9995203836930455
qwen2.5-vl-7b-instruct,VQAv2,correct,anchor,S4,165.0,695,691,4,0,0,695,4,0.0057553956834532375,0.0014388489208633094,0.011546762589928025,0.02158273381294964,0.02158273381294964,0.9534772182254198,0.04604316546762577,0.9995203836930455
qwen2.5-vl-7b-instruct,VQAv2,correct,anchor,S5,650.0,695,694,1,0,0,695,1,0.0014388489208633094,0.0,0.004316546762589928,0.010071942446043165,0.010071942446043165,0.9640287769784173,0.035491606714628254,0.9995203836930455
qwen2.5-vl-7b-instruct,VQAv2,correct,masked,S1,0.5,695,435,15,13,232,463,15,0.032397408207343416,0.017278617710583154,0.04967602591792657,0.02302158273381295,0.035555555555555556,0.9577937649880095,0.04172661870503602,0.9995203836930455
qwen2.5-vl-7b-instruct,VQAv2,correct,masked,S2,3.5,695,693,2,0,0,695,2,0.0028776978417266188,0.0,0.007194244604316547,0.02877697841726619,0.02877697841726619,0.9544364508393286,0.045083932853716924,0.9995203836930455
qwen2.5-vl-7b-instruct,VQAv2,correct,masked,S3,18.0,695,695,0,0,0,695,0,0.0,0.0,0.0,0.017266187050359712,0.017266187050359712,0.9539568345323741,0.0455635491606714,0.9995203836930455
qwen2.5-vl-7b-instruct,VQAv2,correct,masked,S4,165.0,695,695,0,0,0,695,0,0.0,0.0,0.0,0.012949640287769784,0.012949640287769784,0.959232613908873,0.04028776978417248,0.9995203836930455
qwen2.5-vl-7b-instruct,VQAv2,correct,masked,S5,650.0,695,695,0,0,0,695,0,0.0,0.0,0.0,0.011510791366906475,0.011510791366906475,0.962589928057554,0.03693045563549158,0.9995203836930455
qwen2.5-vl-7b-instruct,VQAv2,correct,neutral,all,,695,0,0,0,0,0,0,,,,0.0,,0.9390887290167866,0.060431654676258884,0.9995203836930455
qwen2.5-vl-7b-instruct,VQAv2,correct,baseline,all,,695,0,0,0,0,0,0,,,,0.0,,0.9995203836930455,0.0,0.9995203836930455
qwen2.5-vl-7b-instruct,VQAv2,wrong,anchor,S1,0.5,305,216,17,11,61,244,17,0.06967213114754098,0.040983606557377046,0.10245901639344263,0.12131147540983607,0.14788732394366197,0.43934426229508194,-0.06010928961748635,0.3792349726775956
qwen2.5-vl-7b-instruct,VQAv2,wrong,anchor,S2,3.5,305,286,4,3,12,293,4,0.013651877133105802,0.0034129692832764505,0.027303754266211604,0.07868852459016394,0.08191126279863481,0.43169398907103823,-0.05245901639344264,0.3792349726775956
qwen2.5-vl-7b-instruct,VQAv2,wrong,anchor,S3,18.0,305,303,1,0,1,304,1,0.003289473684210526,0.0,0.009868421052631578,0.04262295081967213,0.04276315789473684,0.43169398907103823,-0.05245901639344264,0.3792349726775956
qwen2.5-vl-7b-instruct,VQAv2,wrong,anchor,S4,165.0,305,304,1,0,0,305,1,0.003278688524590164,0.0,0.009836065573770493,0.02622950819672131,0.02622950819672131,0.425136612021858,-0.04590163934426239,0.3792349726775956
qwen2.5-vl-7b-instruct,VQAv2,wrong,anchor,S5,650.0,305,304,1,0,0,305,1,0.003278688524590164,0.0,0.009836065573770493,0.03278688524590164,0.03278688524590164,0.4306010928961748,-0.051366120218579225,0.3792349726775956
qwen2.5-vl-7b-instruct,VQAv2,wrong,masked,S1,0.5,305,217,16,10,62,243,16,0.06584362139917696,0.037037037037037035,0.102880658436214,0.1377049180327869,0.16312056737588654,0.4426229508196721,-0.06338797814207653,0.3792349726775956
qwen2.5-vl-7b-instruct,VQAv2,wrong,masked,S2,3.5,305,287,3,4,11,294,3,0.01020408163265306,0.0,0.023809523809523808,0.07868852459016394,0.08163265306122448,0.4459016393442623,-0.06666666666666671,0.3792349726775956
qwen2.5-vl-7b-instruct,VQAv2,wrong,masked,S3,18.0,305,304,0,0,1,304,0,0.0,0.0,0.0,0.03278688524590164,0.03289473684210526,0.419672131147541,-0.04043715846994539,0.3792349726775956
qwen2.5-vl-7b-instruct,VQAv2,wrong,masked,S4,165.0,305,305,0,0,0,305,0,0.0,0.0,0.0,0.01639344262295082,0.01639344262295082,0.42404371584699446,-0.04480874316939887,0.3792349726775956
qwen2.5-vl-7b-instruct,VQAv2,wrong,masked,S5,650.0,305,305,0,0,0,305,0,0.0,0.0,0.0,0.03278688524590164,0.03278688524590164,0.4502732240437158,-0.07103825136612019,0.3792349726775956
qwen2.5-vl-7b-instruct,VQAv2,wrong,neutral,all,,305,0,0,0,0,0,0,,,,0.0,,0.43825136612021864,-0.05901639344262305,0.3792349726775956
qwen2.5-vl-7b-instruct,VQAv2,wrong,baseline,all,,305,0,0,0,0,0,0,,,,0.0,,0.3792349726775956,0.0,0.3792349726775956
qwen2.5-vl-7b-instruct,TallyQA,all,anchor,S1,0.5,1000,671,15,20,294,706,15,0.021246458923512748,0.0113314447592068,0.032577903682719546,0.024,0.02711864406779661,0.235,0.008333333333333331,0.24333333333333332
qwen2.5-vl-7b-instruct,TallyQA,all,anchor,S2,3.5,1000,984,4,2,10,990,4,0.00404040404040404,0.00101010101010101,0.00808080808080808,0.038,0.03838383838383838,0.23766666666666666,0.005666666666666653,0.24333333333333332
qwen2.5-vl-7b-instruct,TallyQA,all,anchor,S3,18.0,1000,1000,0,0,0,1000,0,0.0,0.0,0.0,0.02,0.02,0.23666666666666666,0.006666666666666654,0.24333333333333332
qwen2.5-vl-7b-instruct,TallyQA,all,anchor,S4,165.0,1000,1000,0,0,0,1000,0,0.0,0.0,0.0,0.026,0.026,0.2333333333333333,0.010000000000000009,0.24333333333333332
qwen2.5-vl-7b-instruct,TallyQA,all,anchor,S5,650.0,1000,1000,0,0,0,1000,0,0.0,0.0,0.0,0.023,0.023,0.2353333333333333,0.008000000000000007,0.24333333333333332
qwen2.5-vl-7b-instruct,TallyQA,all,masked,S1,0.5,1000,669,17,21,293,707,17,0.024045261669024046,0.014144271570014143,0.035396039603960365,0.026,0.030456852791878174,0.2346666666666667,0.008666666666666628,0.24333333333333332
qwen2.5-vl-7b-instruct,TallyQA,all,masked,S2,3.5,1000,986,2,2,10,990,2,0.00202020202020202,0.0,0.005050505050505051,0.037,0.03737373737373737,0.2373333333333333,0.006000000000000005,0.24333333333333332
qwen2.5-vl-7b-instruct,TallyQA,all,masked,S3,18.0,1000,1000,0,0,0,1000,0,0.0,0.0,0.0,0.021,0.021,0.23566666666666666,0.007666666666666655,0.24333333333333332
qwen2.5-vl-7b-instruct,TallyQA,all,masked,S4,165.0,1000,1000,0,0,0,1000,0,0.0,0.0,0.0,0.016,0.016,0.237,0.00633333333333333,0.24333333333333332
qwen2.5-vl-7b-instruct,TallyQA,all,masked,S5,650.0,1000,1000,0,0,0,1000,0,0.0,0.0,0.0,0.018,0.018,0.23566666666666666,0.007666666666666655,0.24333333333333332
qwen2.5-vl-7b-instruct,TallyQA,all,neutral,all,,1000,0,0,0,0,0,0,,,,0.0,,0.23,0.013333333333333308,0.24333333333333332
qwen2.5-vl-7b-instruct,TallyQA,all,baseline,all,,1000,0,0,0,0,0,0,,,,0.0,,0.24333333333333332,0.0,0.24333333333333332
qwen2.5-vl-7b-instruct,TallyQA,correct,anchor,S1,0.5,730,469,8,16,237,493,8,0.016227180527383367,0.006085192697768763,0.028397565922920892,0.012328767123287671,0.018867924528301886,0.31689497716894977,0.016438356164383605,0.33333333333333337
qwen2.5-vl-7b-instruct,TallyQA,correct,anchor,S2,3.5,730,730,0,0,0,730,0,0.0,0.0,0.0,0.026027397260273973,0.026027397260273973,0.3187214611872146,0.014611872146118754,0.33333333333333337
qwen2.5-vl-7b-instruct,TallyQA,correct,anchor,S3,18.0,730,730,0,0,0,730,0,0.0,0.0,0.0,0.0136986301369863,0.0136986301369863,0.3178082191780822,0.015525114155251152,0.33333333333333337
qwen2.5-vl-7b-instruct,TallyQA,correct,anchor,S4,165.0,730,730,0,0,0,730,0,0.0,0.0,0.0,0.023287671232876714,0.023287671232876714,0.3132420091324201,0.020091324200913252,0.33333333333333337
qwen2.5-vl-7b-instruct,TallyQA,correct,anchor,S5,650.0,730,730,0,0,0,730,0,0.0,0.0,0.0,0.019178082191780823,0.019178082191780823,0.31689497716894977,0.016438356164383605,0.33333333333333337
qwen2.5-vl-7b-instruct,TallyQA,correct,masked,S1,0.5,730,468,9,16,237,493,9,0.018255578093306288,0.008113590263691683,0.030425963488843813,0.0136986301369863,0.020964360587002098,0.31552511415525114,0.01780821917808223,0.33333333333333337
qwen2.5-vl-7b-instruct,TallyQA,correct,masked,S2,3.5,730,729,1,0,0,730,1,0.0013698630136986301,0.0,0.00410958904109589,0.028767123287671233,0.028767123287671233,0.317351598173516,0.01598173515981738,0.33333333333333337
qwen2.5-vl-7b-instruct,TallyQA,correct,masked,S3,18.0,730,730,0,0,0,730,0,0.0,0.0,0.0,0.0136986301369863,0.0136986301369863,0.31552511415525114,0.01780821917808223,0.33333333333333337
qwen2.5-vl-7b-instruct,TallyQA,correct,masked,S4,165.0,730,730,0,0,0,730,0,0.0,0.0,0.0,0.009589041095890411,0.009589041095890411,0.3178082191780822,0.015525114155251152,0.33333333333333337
qwen2.5-vl-7b-instruct,TallyQA,correct,masked,S5,650.0,730,730,0,0,0,730,0,0.0,0.0,0.0,0.010958904109589041,0.010958904109589041,0.31643835616438354,0.016894977168949832,0.33333333333333337
qwen2.5-vl-7b-instruct,TallyQA,correct,neutral,all,,730,0,0,0,0,0,0,,,,0.0,,0.30684931506849317,0.026484018264840203,0.33333333333333337
qwen2.5-vl-7b-instruct,TallyQA,correct,baseline,all,,730,0,0,0,0,0,0,,,,0.0,,0.33333333333333337,0.0,0.33333333333333337
qwen2.5-vl-7b-instruct,TallyQA,wrong,anchor,S1,0.5,270,202,7,4,57,213,7,0.03286384976525822,0.009389671361502348,0.056338028169014086,0.05555555555555555,0.061946902654867256,0.013580246913580245,-0.013580246913580245,0.0
qwen2.5-vl-7b-instruct,TallyQA,wrong,anchor,S2,3.5,270,254,4,2,10,260,4,0.015384615384615385,0.0038461538461538464,0.03086538461538453,0.07037037037037037,0.07307692307692308,0.018518518518518517,-0.018518518518518517,0.0
qwen2.5-vl-7b-instruct,TallyQA,wrong,anchor,S3,18.0,270,270,0,0,0,270,0,0.0,0.0,0.0,0.037037037037037035,0.037037037037037035,0.01728395061728395,-0.01728395061728395,0.0
qwen2.5-vl-7b-instruct,TallyQA,wrong,anchor,S4,165.0,270,270,0,0,0,270,0,0.0,0.0,0.0,0.03333333333333333,0.03333333333333333,0.01728395061728395,-0.01728395061728395,0.0
qwen2.5-vl-7b-instruct,TallyQA,wrong,anchor,S5,650.0,270,270,0,0,0,270,0,0.0,0.0,0.0,0.03333333333333333,0.03333333333333333,0.014814814814814814,-0.014814814814814814,0.0
qwen2.5-vl-7b-instruct,TallyQA,wrong,masked,S1,0.5,270,201,8,5,56,214,8,0.037383177570093455,0.014018691588785047,0.06542056074766354,0.05925925925925926,0.07017543859649122,0.01604938271604938,-0.01604938271604938,0.0
qwen2.5-vl-7b-instruct,TallyQA,wrong,masked,S2,3.5,270,257,1,2,10,260,1,0.0038461538461538464,0.0,0.011538461538461539,0.05925925925925926,0.06153846153846154,0.02098765432098765,-0.02098765432098765,0.0
qwen2.5-vl-7b-instruct,TallyQA,wrong,masked,S3,18.0,270,270,0,0,0,270,0,0.0,0.0,0.0,0.040740740740740744,0.040740740740740744,0.019753086419753086,-0.019753086419753086,0.0
qwen2.5-vl-7b-instruct,TallyQA,wrong,masked,S4,165.0,270,270,0,0,0,270,0,0.0,0.0,0.0,0.03333333333333333,0.03333333333333333,0.018518518518518517,-0.018518518518518517,0.0
qwen2.5-vl-7b-instruct,TallyQA,wrong,masked,S5,650.0,270,270,0,0,0,270,0,0.0,0.0,0.0,0.037037037037037035,0.037037037037037035,0.01728395061728395,-0.01728395061728395,0.0
qwen2.5-vl-7b-instruct,TallyQA,wrong,neutral,all,,270,0,0,0,0,0,0,,,,0.0,,0.022222222222222223,-0.022222222222222223,0.0
qwen2.5-vl-7b-instruct,TallyQA,wrong,baseline,all,,270,0,0,0,0,0,0,,,,0.0,,0.0,0.0,0.0
gemma3-27b-it,VQAv2,all,anchor,S1,0.5,1000,620,71,24,285,715,71,0.0993006993006993,0.07832167832167833,0.12167832167832168,0.127,0.14235500878734622,0.7173333333333333,-0.006999999999999895,0.7103333333333334
gemma3-27b-it,VQAv2,all,anchor,S2,3.5,1000,949,21,9,21,979,21,0.021450459652706845,0.013278855975485188,0.030643513789581207,0.095,0.09703779366700716,0.7153333333333333,-0.004999999999999893,0.7103333333333334
gemma3-27b-it,VQAv2,all,anchor,S3,18.0,1000,989,10,0,1,999,10,0.01001001001001001,0.004004004004004004,0.01701701701701702,0.06,0.06006006006006006,0.704,0.006333333333333413,0.7103333333333334
gemma3-27b-it,VQAv2,all,anchor,S4,165.0,1000,994,6,0,0,1000,6,0.006,0.002,0.011024999999999976,0.056,0.056,0.7033333333333333,0.007000000000000117,0.7103333333333334
gemma3-27b-it,VQAv2,all,anchor,S5,650.0,1000,994,6,0,0,1000,6,0.006,0.002,0.011024999999999976,0.06,0.06,0.7056666666666668,0.004666666666666597,0.7103333333333334
gemma3-27b-it,VQAv2,all,masked,S1,0.5,1000,648,43,30,279,721,43,0.059639389736477116,0.04299583911234397,0.0777045769764216,0.096,0.10782608695652174,0.7126666666666668,-0.0023333333333334094,0.7103333333333334
gemma3-27b-it,VQAv2,all,masked,S2,3.5,1000,963,7,10,20,980,7,0.007142857142857143,0.0020408163265306124,0.013265306122448979,0.078,0.07959183673469387,0.7236666666666667,-0.013333333333333308,0.7103333333333334
gemma3-27b-it,VQAv2,all,masked,S3,18.0,1000,997,2,1,0,1000,2,0.002,0.0,0.005,0.048,0.048,0.7126666666666667,-0.0023333333333332984,0.7103333333333334
gemma3-27b-it,VQAv2,all,masked,S4,165.0,1000,1000,0,0,0,1000,0,0.0,0.0,0.0,0.041,0.041,0.7113333333333333,-0.0009999999999998899,0.7103333333333334
gemma3-27b-it,VQAv2,all,masked,S5,650.0,1000,1000,0,0,0,1000,0,0.0,0.0,0.0,0.033,0.033,0.7216666666666667,-0.011333333333333306,0.7103333333333334
gemma3-27b-it,VQAv2,all,neutral,all,,1000,0,0,0,0,0,0,,,,0.0,,0.7073333333333333,0.0030000000000001137,0.7103333333333334
gemma3-27b-it,VQAv2,all,baseline,all,,1000,0,0,0,0,0,0,,,,0.0,,0.7103333333333334,0.0,0.7103333333333334
gemma3-27b-it,VQAv2,correct,anchor,S1,0.5,591,354,26,10,201,390,26,0.06666666666666667,0.041025641025641026,0.09237179487179482,0.047377326565143825,0.07368421052631578,0.9396503102086857,0.059785673998872024,0.9994359842075577
gemma3-27b-it,VQAv2,correct,anchor,S2,3.5,591,584,7,0,0,591,7,0.011844331641285956,0.00338409475465313,0.021996615905245348,0.05752961082910321,0.05752961082910321,0.9452904681331077,0.05414551607445006,0.9994359842075577
gemma3-27b-it,VQAv2,correct,anchor,S3,18.0,591,586,5,0,0,591,5,0.008460236886632826,0.001692047377326565,0.01692047377326565,0.047377326565143825,0.047377326565143825,0.9368302312464748,0.06260575296108295,0.9994359842075577
gemma3-27b-it,VQAv2,correct,anchor,S4,165.0,591,586,5,0,0,591,5,0.008460236886632826,0.001692047377326565,0.01692047377326565,0.047377326565143825,0.047377326565143825,0.9249858996051888,0.0744500846023689,0.9994359842075577
gemma3-27b-it,VQAv2,correct,anchor,S5,650.0,591,586,5,0,0,591,5,0.008460236886632826,0.001692047377326565,0.01692047377326565,0.049069373942470386,0.049069373942470386,0.9385222786238014,0.060913705583756306,0.9994359842075577
gemma3-27b-it,VQAv2,correct,masked,S1,0.5,591,364,16,10,201,390,16,0.041025641025641026,0.020512820512820513,0.06153846153846154,0.032148900169204735,0.05,0.9430344049633388,0.05640157924421896,0.9994359842075577
gemma3-27b-it,VQAv2,correct,masked,S2,3.5,591,590,1,0,0,591,1,0.001692047377326565,0.0,0.005076142131979695,0.043993231810490696,0.043993231810490696,0.9475465313028765,0.05188945290468128,0.9994359842075577
gemma3-27b-it,VQAv2,correct,masked,S3,18.0,591,590,1,0,0,591,1,0.001692047377326565,0.0,0.005076142131979695,0.0338409475465313,0.0338409475465313,0.9441624365482234,0.05527354765933434,0.9994359842075577
gemma3-27b-it,VQAv2,correct,masked,S4,165.0,591,591,0,0,0,591,0,0.0,0.0,0.0,0.0338409475465313,0.0338409475465313,0.9328821206993795,0.06655386350817827,0.9994359842075577
gemma3-27b-it,VQAv2,correct,masked,S5,650.0,591,591,0,0,0,591,0,0.0,0.0,0.0,0.023688663282571912,0.023688663282571912,0.9548787366046249,0.04455724760293289,0.9994359842075577
gemma3-27b-it,VQAv2,correct,neutral,all,,591,0,0,0,0,0,0,,,,0.0,,0.9323181049069373,0.06711787930062041,0.9994359842075577
gemma3-27b-it,VQAv2,correct,baseline,all,,591,0,0,0,0,0,0,,,,0.0,,0.9994359842075577,0.0,0.9994359842075577
gemma3-27b-it,VQAv2,wrong,anchor,S1,0.5,409,266,45,14,84,325,45,0.13846153846153847,0.10153846153846154,0.17846153846153845,0.24205378973105135,0.2804232804232804,0.3960880195599022,-0.10350448247758759,0.2925835370823146
gemma3-27b-it,VQAv2,wrong,anchor,S2,3.5,409,365,14,9,21,388,14,0.03608247422680412,0.01804123711340206,0.05412371134020619,0.1491442542787286,0.15721649484536082,0.3830480847595762,-0.09046454767726159,0.2925835370823146
gemma3-27b-it,VQAv2,wrong,anchor,S3,18.0,409,403,5,0,1,408,5,0.012254901960784314,0.0024509803921568627,0.024509803921568627,0.07823960880195599,0.0784313725490196,0.36756316218418905,-0.07497962510187445,0.2925835370823146
gemma3-27b-it,VQAv2,wrong,anchor,S4,165.0,409,408,1,0,0,409,1,0.0024449877750611247,0.0,0.007334963325183374,0.06845965770171149,0.06845965770171149,0.38304808475957625,-0.09046454767726164,0.2925835370823146
gemma3-27b-it,VQAv2,wrong,anchor,S5,650.0,409,408,1,0,0,409,1,0.0024449877750611247,0.0,0.007334963325183374,0.07579462102689487,0.07579462102689487,0.3691931540342298,-0.0766096169519152,0.2925835370823146
gemma3-27b-it,VQAv2,wrong,masked,S1,0.5,409,284,27,20,78,331,27,0.08157099697885196,0.0513595166163142,0.1148036253776435,0.1882640586797066,0.2205128205128205,0.3797881010594947,-0.08720456397718007,0.2925835370823146
gemma3-27b-it,VQAv2,wrong,masked,S2,3.5,409,373,6,10,20,389,6,0.015424164524421594,0.005141388174807198,0.028277634961439587,0.1271393643031785,0.13367609254498714,0.40016299918500403,-0.10757946210268943,0.2925835370823146
gemma3-27b-it,VQAv2,wrong,masked,S3,18.0,409,407,1,1,0,409,1,0.0024449877750611247,0.0,0.007334963325183374,0.06845965770171149,0.06845965770171149,0.378158109209454,-0.08557457212713937,0.2925835370823146
gemma3-27b-it,VQAv2,wrong,masked,S4,165.0,409,409,0,0,0,409,0,0.0,0.0,0.0,0.05134474327628362,0.05134474327628362,0.39119804400978,-0.09861450692746537,0.2925835370823146
gemma3-27b-it,VQAv2,wrong,masked,S5,650.0,409,409,0,0,0,409,0,0.0,0.0,0.0,0.04645476772616137,0.04645476772616137,0.38467807660961695,-0.09209453952730234,0.2925835370823146
gemma3-27b-it,VQAv2,wrong,neutral,all,,409,0,0,0,0,0,0,,,,0.0,,0.38223308883455587,-0.08964955175224126,0.2925835370823146
gemma3-27b-it,VQAv2,wrong,baseline,all,,409,0,0,0,0,0,0,,,,0.0,,0.2925835370823146,0.0,0.2925835370823146
gemma3-27b-it,TallyQA,all,anchor,S1,0.5,300,195,11,8,86,214,11,0.0514018691588785,0.02336448598130841,0.08411214953271028,0.08333333333333333,0.08620689655172414,0.2022222222222222,-0.002222222222222181,0.2
gemma3-27b-it,TallyQA,all,anchor,S2,3.5,300,284,7,1,8,292,7,0.023972602739726026,0.00684931506849315,0.04452054794520548,0.08,0.0821917808219178,0.1988888888888889,0.0011111111111111183,0.2
gemma3-27b-it,TallyQA,all,anchor,S3,18.0,300,299,1,0,0,300,1,0.0033333333333333335,0.0,0.01,0.05333333333333334,0.05333333333333334,0.19666666666666666,0.003333333333333355,0.2
gemma3-27b-it,TallyQA,all,anchor,S4,165.0,300,300,0,0,0,300,0,0.0,0.0,0.0,0.07666666666666666,0.07666666666666666,0.19444444444444442,0.005555555555555591,0.2
gemma3-27b-it,TallyQA,all,anchor,S5,650.0,300,300,0,0,0,300,0,0.0,0.0,0.0,0.06,0.06,0.2011111111111111,-0.0011111111111110905,0.2
gemma3-27b-it,TallyQA,all,masked,S1,0.5,300,200,6,8,86,214,6,0.028037383177570093,0.009345794392523364,0.0514018691588785,0.06333333333333334,0.06936416184971098,0.2011111111111111,-0.0011111111111110905,0.2
gemma3-27b-it,TallyQA,all,masked,S2,3.5,300,288,3,4,5,295,3,0.010169491525423728,0.0,0.023728813559322035,0.06666666666666667,0.06779661016949153,0.20333333333333334,-0.003333333333333327,0.2
gemma3-27b-it,TallyQA,all,masked,S3,18.0,300,300,0,0,0,300,0,0.0,0.0,0.0,0.043333333333333335,0.043333333333333335,0.20333333333333334,-0.003333333333333327,0.2
gemma3-27b-it,TallyQA,all,masked,S4,165.0,300,300,0,0,0,300,0,0.0,0.0,0.0,0.06333333333333334,0.06333333333333334,0.19888888888888887,0.001111111111111146,0.2
gemma3-27b-it,TallyQA,all,masked,S5,650.0,300,300,0,0,0,300,0,0.0,0.0,0.0,0.043333333333333335,0.043333333333333335,0.1988888888888889,0.0011111111111111183,0.2
gemma3-27b-it,TallyQA,all,neutral,all,,300,0,0,0,0,0,0,,,,0.0,,0.18,0.020000000000000018,0.2
gemma3-27b-it,TallyQA,all,baseline,all,,300,0,0,0,0,0,0,,,,0.0,,0.2,0.0,0.2
gemma3-27b-it,TallyQA,correct,anchor,S1,0.5,180,112,4,3,61,119,4,0.03361344537815126,0.008403361344537815,0.06722689075630252,0.022222222222222223,0.034482758620689655,0.3148148148148148,0.01851851851851849,0.3333333333333333
gemma3-27b-it,TallyQA,correct,anchor,S2,3.5,180,178,2,0,0,180,2,0.011111111111111112,0.0,0.027777777777777776,0.05555555555555555,0.05555555555555555,0.3111111111111111,0.0222222222222222,0.3333333333333333
gemma3-27b-it,TallyQA,correct,anchor,S3,18.0,180,180,0,0,0,180,0,0.0,0.0,0.0,0.05,0.05,0.3111111111111111,0.0222222222222222,0.3333333333333333
gemma3-27b-it,TallyQA,correct,anchor,S4,165.0,180,180,0,0,0,180,0,0.0,0.0,0.0,0.07777777777777778,0.07777777777777778,0.3055555555555556,0.027777777777777735,0.3333333333333333
gemma3-27b-it,TallyQA,correct,anchor,S5,650.0,180,180,0,0,0,180,0,0.0,0.0,0.0,0.05,0.05,0.31296296296296294,0.020370370370370372,0.3333333333333333
gemma3-27b-it,TallyQA,correct,masked,S1,0.5,180,115,1,4,60,120,1,0.008333333333333333,0.0,0.025,0.005555555555555556,0.008620689655172414,0.32037037037037036,0.012962962962962954,0.3333333333333333
gemma3-27b-it,TallyQA,correct,masked,S2,3.5,180,179,1,0,0,180,1,0.005555555555555556,0.0,0.016666666666666666,0.044444444444444446,0.044444444444444446,0.31666666666666665,0.016666666666666663,0.3333333333333333
gemma3-27b-it,TallyQA,correct,masked,S3,18.0,180,180,0,0,0,180,0,0.0,0.0,0.0,0.03333333333333333,0.03333333333333333,0.31666666666666665,0.016666666666666663,0.3333333333333333
gemma3-27b-it,TallyQA,correct,masked,S4,165.0,180,180,0,0,0,180,0,0.0,0.0,0.0,0.05,0.05,0.31296296296296294,0.020370370370370372,0.3333333333333333
gemma3-27b-it,TallyQA,correct,masked,S5,650.0,180,180,0,0,0,180,0,0.0,0.0,0.0,0.03888888888888889,0.03888888888888889,0.31296296296296294,0.020370370370370372,0.3333333333333333
gemma3-27b-it,TallyQA,correct,neutral,all,,180,0,0,0,0,0,0,,,,0.0,,0.2833333333333333,0.04999999999999999,0.3333333333333333
gemma3-27b-it,TallyQA,correct,baseline,all,,180,0,0,0,0,0,0,,,,0.0,,0.3333333333333333,0.0,0.3333333333333333
gemma3-27b-it,TallyQA,wrong,anchor,S1,0.5,120,83,7,5,25,95,7,0.07368421052631578,0.03131578947368423,0.1368421052631579,0.175,0.1896551724137931,0.03333333333333333,-0.03333333333333333,0.0
gemma3-27b-it,TallyQA,wrong,anchor,S2,3.5,120,106,5,1,8,112,5,0.044642857142857144,0.008928571428571428,0.08928571428571429,0.11666666666666667,0.125,0.030555555555555555,-0.030555555555555555,0.0
gemma3-27b-it,TallyQA,wrong,anchor,S3,18.0,120,119,1,0,0,120,1,0.008333333333333333,0.0,0.025,0.058333333333333334,0.058333333333333334,0.025,-0.025,0.0
gemma3-27b-it,TallyQA,wrong,anchor,S4,165.0,120,120,0,0,0,120,0,0.0,0.0,0.0,0.075,0.075,0.027777777777777776,-0.027777777777777776,0.0
gemma3-27b-it,TallyQA,wrong,anchor,S5,650.0,120,120,0,0,0,120,0,0.0,0.0,0.0,0.075,0.075,0.03333333333333333,-0.03333333333333333,0.0
gemma3-27b-it,TallyQA,wrong,masked,S1,0.5,120,85,5,4,26,94,5,0.05319148936170213,0.010638297872340425,0.10638297872340426,0.15,0.19298245614035087,0.02222222222222222,-0.02222222222222222,0.0
gemma3-27b-it,TallyQA,wrong,masked,S2,3.5,120,109,2,4,5,115,2,0.017391304347826087,0.0,0.043478260869565216,0.1,0.10434782608695652,0.03333333333333333,-0.03333333333333333,0.0
gemma3-27b-it,TallyQA,wrong,masked,S3,18.0,120,120,0,0,0,120,0,0.0,0.0,0.0,0.058333333333333334,0.058333333333333334,0.03333333333333333,-0.03333333333333333,0.0
gemma3-27b-it,TallyQA,wrong,masked,S4,165.0,120,120,0,0,0,120,0,0.0,0.0,0.0,0.08333333333333333,0.08333333333333333,0.027777777777777776,-0.027777777777777776,0.0
gemma3-27b-it,TallyQA,wrong,masked,S5,650.0,120,120,0,0,0,120,0,0.0,0.0,0.0,0.05,0.05,0.02777777777777778,-0.02777777777777778,0.0
gemma3-27b-it,TallyQA,wrong,neutral,all,,120,0,0,0,0,0,0,,,,0.0,,0.025,-0.025,0.0
gemma3-27b-it,TallyQA,wrong,baseline,all,,120,0,0,0,0,0,0,,,,0.0,,0.0,0.0,0.0
