experiment,dataset,model,cond_class,stratum,base_correct,A_raw__D_all_num,A_raw__D_all_den,A_raw__D_paired_num,A_raw__D_paired_den,A_raw__D_clean_num,A_raw__D_clean_den,A_paired__D_all_num,A_paired__D_all_den,A_paired__D_paired_num,A_paired__D_paired_den,A_paired__D_clean_num,A_paired__D_clean_den,A_clean__D_all_num,A_clean__D_all_den,A_clean__D_paired_num,A_clean__D_paired_den,A_clean__D_clean_num,A_clean__D_clean_den,DF_raw__DD_all_num,DF_raw__DD_all_den,DF_raw__DD_moved_num,DF_raw__DD_moved_den,DF_raw__DD_clean_num,DF_raw__DD_clean_den,DF_moved__DD_all_num,DF_moved__DD_all_den,DF_moved__DD_moved_num,DF_moved__DD_moved_den,DF_moved__DD_clean_num,DF_moved__DD_clean_den,DF_clean__DD_all_num,DF_clean__DD_all_den,DF_clean__DD_moved_num,DF_clean__DD_moved_den,DF_clean__DD_clean_num,DF_clean__DD_clean_den,n_pairs
experiment,VQAv2,gemma3-27b-it,a,S0,all,2492,17730,839,15846,628,14807,839,17730,839,15846,628,14807,628,17730,628,15846,628,14807,2964,17730,2964,4040,2634,3554,2964,17730,2964,4040,2634,3554,2634,17730,2634,4040,2634,3554,17730
experiment,VQAv2,gemma3-27b-it,a,S0,correct,1103,8611,206,7644,206,7644,206,8611,206,7644,206,7644,206,8611,206,7644,206,7644,724,8611,724,1006,724,936,724,8611,724,1006,724,936,724,8611,724,1006,724,936,8611
experiment,VQAv2,gemma3-27b-it,a,S0,wrong,1389,9119,633,8202,422,7163,633,9119,633,8202,422,7163,422,9119,422,8202,422,7163,2240,9119,2240,3034,1910,2618,2240,9119,2240,3034,1910,2618,1910,9119,1910,3034,1910,2618,9119
experiment,VQAv2,gemma3-27b-it,d,S0,all,0,17730,0,17730,0,17730,0,17730,0,17730,0,17730,0,17730,0,17730,0,17730,0,0,0,0,0,0,0,0,0,0,0,0,0,0,0,0,0,0,17730
experiment,VQAv2,gemma3-27b-it,d,S0,correct,0,8611,0,8611,0,8611,0,8611,0,8611,0,8611,0,8611,0,8611,0,8611,0,0,0,0,0,0,0,0,0,0,0,0,0,0,0,0,0,0,8611
experiment,VQAv2,gemma3-27b-it,d,S0,wrong,0,9119,0,9119,0,9119,0,9119,0,9119,0,9119,0,9119,0,9119,0,9119,0,0,0,0,0,0,0,0,0,0,0,0,0,0,0,0,0,0,9119
experiment,VQAv2,gemma4-31b-it,a,S0,all,2058,17730,388,15815,284,14997,388,17730,388,15815,284,14997,284,17730,284,15815,284,14997,1502,17699,1502,2622,1345,2328,1502,17699,1502,2622,1345,2328,1345,17699,1345,2622,1345,2328,17730
experiment,VQAv2,gemma4-31b-it,a,S0,correct,1249,10644,138,9456,138,9456,138,10644,138,9456,138,9456,138,10644,138,9456,138,9456,521,10644,521,875,521,798,521,10644,521,875,521,798,521,10644,521,875,521,798,10644
experiment,VQAv2,gemma4-31b-it,a,S0,wrong,798,7056,239,6329,136,5514,239,7056,239,6329,136,5514,136,7056,136,6329,136,5514,981,7055,981,1747,824,1530,981,7055,981,1747,824,1530,824,7055,824,1747,824,1530,7056
experiment,VQAv2,gemma4-31b-it,d,S0,all,0,17730,0,17730,0,17730,0,17730,0,17730,0,17730,0,17730,0,17730,0,17730,0,0,0,0,0,0,0,0,0,0,0,0,0,0,0,0,0,0,17730
experiment,VQAv2,gemma4-31b-it,d,S0,correct,0,10644,0,10644,0,10644,0,10644,0,10644,0,10644,0,10644,0,10644,0,10644,0,0,0,0,0,0,0,0,0,0,0,0,0,0,0,0,0,0,10644
experiment,VQAv2,gemma4-31b-it,d,S0,wrong,0,7056,0,7056,0,7056,0,7056,0,7056,0,7056,0,7056,0,7056,0,7056,0,0,0,0,0,0,0,0,0,0,0,0,0,0,0,0,0,0,7056
experiment,VQAv2,gemma4-e4b,a,S0,all,2180,17730,1049,15939,836,14815,1049,17730,1049,15939,836,14815,836,17730,836,15939,836,14815,4851,17730,4851,7776,4379,6924,4851,17730,4851,7776,4379,6924,4379,17730,4379,7776,4379,6924,17730
experiment,VQAv2,gemma4-e4b,a,S0,correct,979,7570,295,6688,295,6688,295,7570,295,6688,295,6688,295,7570,295,6688,295,6688,1108,7570,1108,1964,1108,1766,1108,7570,1108,1964,1108,1766,1108,7570,1108,1964,1108,1766,7570
experiment,VQAv2,gemma4-e4b,a,S0,wrong,1201,10160,754,9251,541,8127,754,10160,754,9251,541,8127,541,10160,541,9251,541,8127,3743,10160,3743,5812,3271,5158,3743,10160,3743,5812,3271,5158,3271,10160,3271,5812,3271,5158,10160
experiment,VQAv2,gemma4-e4b,d,S0,all,0,17730,0,17730,0,17730,0,17730,0,17730,0,17730,0,17730,0,17730,0,17730,0,0,0,0,0,0,0,0,0,0,0,0,0,0,0,0,0,0,17730
experiment,VQAv2,gemma4-e4b,d,S0,correct,0,7570,0,7570,0,7570,0,7570,0,7570,0,7570,0,7570,0,7570,0,7570,0,0,0,0,0,0,0,0,0,0,0,0,0,0,0,0,0,0,7570
experiment,VQAv2,gemma4-e4b,d,S0,wrong,0,10160,0,10160,0,10160,0,10160,0,10160,0,10160,0,10160,0,10160,0,10160,0,0,0,0,0,0,0,0,0,0,0,0,0,0,0,0,0,0,10160
experiment,VQAv2,llava-next-interleaved-7b,a,S0,all,2369,17730,847,15883,735,14844,847,17730,847,15883,735,14844,735,17730,735,15883,735,14844,3046,17683,3046,4396,2837,3943,3046,17683,3046,4396,2837,3943,2837,17683,2837,4396,2837,3943,17730
experiment,VQAv2,llava-next-interleaved-7b,a,S0,correct,1204,8420,361,7453,361,7453,361,8420,361,7453,361,7453,361,8420,361,7453,361,7453,1106,8419,1106,1572,1106,1449,1106,8419,1106,1572,1106,1449,1106,8419,1106,1572,1106,1449,8420
experiment,VQAv2,llava-next-interleaved-7b,a,S0,wrong,1154,9270,475,8390,363,7357,475,9270,475,8390,363,7357,363,9270,363,8390,363,7357,1940,9264,1940,2824,1731,2494,1940,9264,1940,2824,1731,2494,1731,9264,1731,2824,1731,2494,9270
experiment,VQAv2,llava-next-interleaved-7b,d,S0,all,0,17730,0,17730,0,17730,0,17730,0,17730,0,17730,0,17730,0,17730,0,17730,0,0,0,0,0,0,0,0,0,0,0,0,0,0,0,0,0,0,17730
experiment,VQAv2,llava-next-interleaved-7b,d,S0,correct,0,8420,0,8420,0,8420,0,8420,0,8420,0,8420,0,8420,0,8420,0,8420,0,0,0,0,0,0,0,0,0,0,0,0,0,0,0,0,0,0,8420
experiment,VQAv2,llava-next-interleaved-7b,d,S0,wrong,0,9270,0,9270,0,9270,0,9270,0,9270,0,9270,0,9270,0,9270,0,9270,0,0,0,0,0,0,0,0,0,0,0,0,0,0,0,0,0,0,9270
experiment,VQAv2,qwen2.5-vl-7b-instruct,a,S0,all,1942,17745,329,15853,262,15045,329,17745,329,15853,262,15045,262,17745,262,15853,262,15045,1667,17745,1667,2739,1555,2444,1667,17745,1667,2739,1555,2444,1555,17745,1555,2739,1555,2444,17745
experiment,VQAv2,qwen2.5-vl-7b-instruct,a,S0,correct,1217,10510,142,9312,142,9312,142,10510,142,9312,142,9312,142,10510,142,9312,142,9312,673,10510,673,1102,673,979,673,10510,673,1102,673,979,673,10510,673,1102,673,979,10510
experiment,VQAv2,qwen2.5-vl-7b-instruct,a,S0,wrong,725,7235,187,6541,120,5733,187,7235,187,6541,120,5733,120,7235,120,6541,120,5733,994,7235,994,1637,882,1465,994,7235,994,1637,882,1465,882,7235,882,1637,882,1465,7235
experiment,VQAv2,qwen2.5-vl-7b-instruct,d,S0,all,0,17745,0,17745,0,17745,0,17745,0,17745,0,17745,0,17745,0,17745,0,17745,0,0,0,0,0,0,0,0,0,0,0,0,0,0,0,0,0,0,17745
experiment,VQAv2,qwen2.5-vl-7b-instruct,d,S0,correct,0,10510,0,10510,0,10510,0,10510,0,10510,0,10510,0,10510,0,10510,0,10510,0,0,0,0,0,0,0,0,0,0,0,0,0,0,0,0,0,0,10510
experiment,VQAv2,qwen2.5-vl-7b-instruct,d,S0,wrong,0,7235,0,7235,0,7235,0,7235,0,7235,0,7235,0,7235,0,7235,0,7235,0,0,0,0,0,0,0,0,0,0,0,0,0,0,0,0,0,0,7235
experiment,VQAv2,qwen3-vl-30b-it,a,S0,all,2125,17730,611,15762,482,14993,611,17730,611,15762,482,14993,482,17730,482,15762,482,14993,3004,17722,3004,4652,2814,4132,3004,17722,3004,4652,2814,4132,2814,17722,2814,4652,2814,4132,17730
experiment,VQAv2,qwen3-vl-30b-it,a,S0,correct,1281,10862,252,9625,252,9625,252,10862,252,9625,252,9625,252,10862,252,9625,252,9625,1298,10854,1298,1980,1298,1773,1298,10854,1298,1980,1298,1773,1298,10854,1298,1980,1298,1773,10862
experiment,VQAv2,qwen3-vl-30b-it,a,S0,wrong,844,6868,359,6137,230,5368,359,6868,359,6137,230,5368,230,6868,230,6137,230,5368,1706,6868,1706,2672,1516,2359,1706,6868,1706,2672,1516,2359,1516,6868,1516,2672,1516,2359,6868
experiment,VQAv2,qwen3-vl-30b-it,d,S0,all,0,17730,0,17730,0,17730,0,17730,0,17730,0,17730,0,17730,0,17730,0,17730,0,0,0,0,0,0,0,0,0,0,0,0,0,0,0,0,0,0,17730
experiment,VQAv2,qwen3-vl-30b-it,d,S0,correct,0,10862,0,10862,0,10862,0,10862,0,10862,0,10862,0,10862,0,10862,0,10862,0,0,0,0,0,0,0,0,0,0,0,0,0,0,0,0,0,0,10862
experiment,VQAv2,qwen3-vl-30b-it,d,S0,wrong,0,6868,0,6868,0,6868,0,6868,0,6868,0,6868,0,6868,0,6868,0,6868,0,0,0,0,0,0,0,0,0,0,0,0,0,0,0,0,0,0,6868
experiment,VQAv2,qwen3-vl-8b-instruct,a,S0,all,2260,17730,521,15789,424,15019,521,17730,521,15789,424,15019,424,17730,424,15789,424,15019,1849,17730,1849,2771,1724,2484,1849,17730,1849,2771,1724,2484,1724,17730,1724,2771,1724,2484,17730
experiment,VQAv2,qwen3-vl-8b-instruct,a,S0,correct,1353,10747,205,9511,205,9511,205,10747,205,9511,205,9511,205,10747,205,9511,205,9511,765,10747,765,1130,765,1042,765,10747,765,1130,765,1042,765,10747,765,1130,765,1042,10747
experiment,VQAv2,qwen3-vl-8b-instruct,a,S0,wrong,907,6983,316,6278,219,5508,316,6983,316,6278,219,5508,219,6983,219,6278,219,5508,1084,6983,1084,1641,959,1442,1084,6983,1084,1641,959,1442,959,6983,959,1641,959,1442,6983
experiment,VQAv2,qwen3-vl-8b-instruct,d,S0,all,0,17730,0,17730,0,17730,0,17730,0,17730,0,17730,0,17730,0,17730,0,17730,0,0,0,0,0,0,0,0,0,0,0,0,0,0,0,0,0,0,17730
experiment,VQAv2,qwen3-vl-8b-instruct,d,S0,correct,0,10747,0,10747,0,10747,0,10747,0,10747,0,10747,0,10747,0,10747,0,10747,0,0,0,0,0,0,0,0,0,0,0,0,0,0,0,0,0,0,10747
experiment,VQAv2,qwen3-vl-8b-instruct,d,S0,wrong,0,6983,0,6983,0,6983,0,6983,0,6983,0,6983,0,6983,0,6983,0,6983,0,0,0,0,0,0,0,0,0,0,0,0,0,0,0,0,0,0,6983
experiment_anchor_strengthen_prompt,VQAv2,gemma3-27b-it,a,S0,all,11144,35460,7620,31754,6438,29658,7620,35460,7620,31754,6438,29658,6438,35460,6438,31754,6438,29658,11385,35460,11385,13298,10075,11800,11385,35460,11385,13298,10075,11800,10075,35460,10075,13298,10075,11800,35460
experiment_anchor_strengthen_prompt,VQAv2,gemma3-27b-it,a,S0,correct,4444,17000,2610,15084,2610,15084,2610,17000,2610,15084,2610,15084,2610,17000,2610,15084,2610,15084,3778,17000,3778,4374,3778,4292,3778,17000,3778,4374,3778,4292,3778,17000,3778,4374,3778,4292,17000
experiment_anchor_strengthen_prompt,VQAv2,gemma3-27b-it,a,S0,wrong,6700,18460,5010,16670,3828,14574,5010,18460,5010,16670,3828,14574,3828,18460,3828,16670,3828,14574,7607,18460,7607,8924,6297,7508,7607,18460,7607,8924,6297,7508,6297,18460,6297,8924,6297,7508,18460
experiment_anchor_strengthen_prompt,VQAv2,gemma3-27b-it,d,S0,all,0,35460,0,35460,0,35460,0,35460,0,35460,0,35460,0,35460,0,35460,0,35460,0,0,0,0,0,0,0,0,0,0,0,0,0,0,0,0,0,0,35460
experiment_anchor_strengthen_prompt,VQAv2,gemma3-27b-it,d,S0,correct,0,17000,0,17000,0,17000,0,17000,0,17000,0,17000,0,17000,0,17000,0,17000,0,0,0,0,0,0,0,0,0,0,0,0,0,0,0,0,0,0,17000
experiment_anchor_strengthen_prompt,VQAv2,gemma3-27b-it,d,S0,wrong,0,18460,0,18460,0,18460,0,18460,0,18460,0,18460,0,18460,0,18460,0,18460,0,0,0,0,0,0,0,0,0,0,0,0,0,0,0,0,0,0,18460
experiment_anchor_strengthen_prompt,VQAv2,gemma4-31b-it,a,S0,all,2163,17730,615,15855,466,15010,615,17730,615,15855,466,15010,466,17730,466,15855,466,15010,2523,17720,2523,3939,2285,3496,2523,17720,2523,3939,2285,3496,2285,17720,2285,3939,2285,3496,17730
experiment_anchor_strengthen_prompt,VQAv2,gemma4-31b-it,a,S0,correct,1230,10425,177,9264,177,9264,177,10425,177,9264,177,9264,177,10425,177,9264,177,9264,716,10425,716,1163,716,1055,716,10425,716,1163,716,1055,716,10425,716,1163,716,1055,10425
experiment_anchor_strengthen_prompt,VQAv2,gemma4-31b-it,a,S0,wrong,929,7295,434,6581,285,5737,434,7295,434,6581,285,5737,285,7295,285,6581,285,5737,1807,7295,1807,2776,1569,2441,1807,7295,1807,2776,1569,2441,1569,7295,1569,2776,1569,2441,7295
experiment_anchor_strengthen_prompt,VQAv2,gemma4-31b-it,d,S0,all,0,17730,0,17730,0,17730,0,17730,0,17730,0,17730,0,17730,0,17730,0,17730,0,0,0,0,0,0,0,0,0,0,0,0,0,0,0,0,0,0,17730
experiment_anchor_strengthen_prompt,VQAv2,gemma4-31b-it,d,S0,correct,0,10425,0,10425,0,10425,0,10425,0,10425,0,10425,0,10425,0,10425,0,10425,0,0,0,0,0,0,0,0,0,0,0,0,0,0,0,0,0,0,10425
experiment_anchor_strengthen_prompt,VQAv2,gemma4-31b-it,d,S0,wrong,0,7295,0,7295,0,7295,0,7295,0,7295,0,7295,0,7295,0,7295,0,7295,0,0,0,0,0,0,0,0,0,0,0,0,0,0,0,0,0,0,7295
experiment_anchor_strengthen_prompt,VQAv2,gemma4-e4b,a,S0,all,2225,17730,1056,15896,809,14772,1056,17730,1056,15896,809,14772,809,17730,809,15896,809,14772,4583,17729,4583,7562,4111,6730,4583,17729,4583,7562,4111,6730,4111,17729,4111,7562,4111,6730,17730
experiment_anchor_strengthen_prompt,VQAv2,gemma4-e4b,a,S0,correct,981,7470,298,6588,298,6588,298,7470,298,6588,298,6588,298,7470,298,6588,298,6588,1105,7469,1105,1893,1105,1694,1105,7469,1105,1893,1105,1694,1105,7469,1105,1893,1105,1694,7470
experiment_anchor_strengthen_prompt,VQAv2,gemma4-e4b,a,S0,wrong,1244,10260,758,9308,511,8184,758,10260,758,9308,511,8184,511,10260,511,9308,511,8184,3478,10260,3478,5669,3006,5036,3478,10260,3478,5669,3006,5036,3006,10260,3006,5669,3006,5036,10260
experiment_anchor_strengthen_prompt,VQAv2,gemma4-e4b,d,S0,all,0,17730,0,17730,0,17730,0,17730,0,17730,0,17730,0,17730,0,17730,0,17730,0,0,0,0,0,0,0,0,0,0,0,0,0,0,0,0,0,0,17730
experiment_anchor_strengthen_prompt,VQAv2,gemma4-e4b,d,S0,correct,0,7470,0,7470,0,7470,0,7470,0,7470,0,7470,0,7470,0,7470,0,7470,0,0,0,0,0,0,0,0,0,0,0,0,0,0,0,0,0,0,7470
experiment_anchor_strengthen_prompt,VQAv2,gemma4-e4b,d,S0,wrong,0,10260,0,10260,0,10260,0,10260,0,10260,0,10260,0,10260,0,10260,0,10260,0,0,0,0,0,0,0,0,0,0,0,0,0,0,0,0,0,0,10260
experiment_anchor_strengthen_prompt,VQAv2,llava-next-interleaved-7b,a,S0,all,2298,17730,751,15927,637,14813,751,17730,751,15927,637,14813,637,17730,637,15927,637,14813,2592,17131,2592,3699,2427,3322,2592,17131,2592,3699,2427,3322,2427,17131,2427,3699,2427,3322,17730
experiment_anchor_strengthen_prompt,VQAv2,llava-next-interleaved-7b,a,S0,correct,1084,7794,292,6902,292,6902,292,7794,292,6902,292,6902,292,7794,292,6902,292,6902,991,7737,991,1335,991,1241,991,7737,991,1335,991,1241,991,7737,991,1335,991,1241,7794
experiment_anchor_strengthen_prompt,VQAv2,llava-next-interleaved-7b,a,S0,wrong,1151,9432,396,8521,299,7464,396,9432,396,8521,299,7464,299,9432,299,8521,299,7464,1601,9394,1601,2364,1436,2081,1601,9394,1601,2364,1436,2081,1436,9394,1436,2364,1436,2081,9432
experiment_anchor_strengthen_prompt,VQAv2,llava-next-interleaved-7b,d,S0,all,0,17730,0,17730,0,17730,0,17730,0,17730,0,17730,0,17730,0,17730,0,17730,0,0,0,0,0,0,0,0,0,0,0,0,0,0,0,0,0,0,17730
experiment_anchor_strengthen_prompt,VQAv2,llava-next-interleaved-7b,d,S0,correct,0,7794,0,7794,0,7794,0,7794,0,7794,0,7794,0,7794,0,7794,0,7794,0,0,0,0,0,0,0,0,0,0,0,0,0,0,0,0,0,0,7794
experiment_anchor_strengthen_prompt,VQAv2,llava-next-interleaved-7b,d,S0,wrong,0,9432,0,9432,0,9432,0,9432,0,9432,0,9432,0,9432,0,9432,0,9432,0,0,0,0,0,0,0,0,0,0,0,0,0,0,0,0,0,0,9432
experiment_anchor_strengthen_prompt,VQAv2,qwen2.5-vl-7b-instruct,a,S0,all,3906,35460,1020,31788,776,30254,1020,35460,1020,31788,776,30254,776,35460,776,31788,776,30254,5109,35460,5109,7846,4719,6942,5109,35460,5109,7846,4719,6942,4719,35460,4719,7846,4719,6942,35460
experiment_anchor_strengthen_prompt,VQAv2,qwen2.5-vl-7b-instruct,a,S0,correct,2502,21640,376,19162,376,19162,376,21640,376,19162,376,19162,376,21640,376,19162,376,19162,1668,21640,1668,2828,1668,2476,1668,21640,1668,2828,1668,2476,1668,21640,1668,2828,1668,2476,21640
experiment_anchor_strengthen_prompt,VQAv2,qwen2.5-vl-7b-instruct,a,S0,wrong,1404,13820,644,12626,400,11092,644,13820,644,12626,400,11092,400,13820,400,12626,400,11092,3441,13820,3441,5018,3051,4466,3441,13820,3441,5018,3051,4466,3051,13820,3051,5018,3051,4466,13820
experiment_anchor_strengthen_prompt,VQAv2,qwen2.5-vl-7b-instruct,d,S0,all,0,35460,0,35460,0,35460,0,35460,0,35460,0,35460,0,35460,0,35460,0,35460,0,0,0,0,0,0,0,0,0,0,0,0,0,0,0,0,0,0,35460
experiment_anchor_strengthen_prompt,VQAv2,qwen2.5-vl-7b-instruct,d,S0,correct,0,21640,0,21640,0,21640,0,21640,0,21640,0,21640,0,21640,0,21640,0,21640,0,0,0,0,0,0,0,0,0,0,0,0,0,0,0,0,0,0,21640
experiment_anchor_strengthen_prompt,VQAv2,qwen2.5-vl-7b-instruct,d,S0,wrong,0,13820,0,13820,0,13820,0,13820,0,13820,0,13820,0,13820,0,13820,0,13820,0,0,0,0,0,0,0,0,0,0,0,0,0,0,0,0,0,0,13820
experiment_anchor_strengthen_prompt,VQAv2,qwen3-vl-30b-it,a,S0,all,2239,17730,611,15791,492,15025,611,17730,611,15791,492,15025,492,17730,492,15791,492,15025,2334,17730,2334,3755,2155,3339,2334,17730,2334,3755,2155,3339,2155,17730,2155,3755,2155,3339,17730
experiment_anchor_strengthen_prompt,VQAv2,qwen3-vl-30b-it,a,S0,correct,1358,10970,233,9730,233,9730,233,10970,233,9730,233,9730,233,10970,233,9730,233,9730,874,10970,874,1386,874,1271,874,10970,874,1386,874,1271,874,10970,874,1386,874,1271,10970
experiment_anchor_strengthen_prompt,VQAv2,qwen3-vl-30b-it,a,S0,wrong,881,6760,378,6061,259,5295,378,6760,378,6061,259,5295,259,6760,259,6061,259,5295,1460,6760,1460,2369,1281,2068,1460,6760,1460,2369,1281,2068,1281,6760,1281,2369,1281,2068,6760
experiment_anchor_strengthen_prompt,VQAv2,qwen3-vl-30b-it,d,S0,all,0,17730,0,17730,0,17730,0,17730,0,17730,0,17730,0,17730,0,17730,0,17730,0,0,0,0,0,0,0,0,0,0,0,0,0,0,0,0,0,0,17730
experiment_anchor_strengthen_prompt,VQAv2,qwen3-vl-30b-it,d,S0,correct,0,10970,0,10970,0,10970,0,10970,0,10970,0,10970,0,10970,0,10970,0,10970,0,0,0,0,0,0,0,0,0,0,0,0,0,0,0,0,0,0,10970
experiment_anchor_strengthen_prompt,VQAv2,qwen3-vl-30b-it,d,S0,wrong,0,6760,0,6760,0,6760,0,6760,0,6760,0,6760,0,6760,0,6760,0,6760,0,0,0,0,0,0,0,0,0,0,0,0,0,0,0,0,0,0,6760
experiment_anchor_strengthen_prompt,VQAv2,qwen3-vl-8b-instruct,a,S0,all,2438,17730,847,15792,696,14991,847,17730,847,15792,696,14991,696,17730,696,15792,696,14991,2974,17729,2974,4400,2779,3935,2974,17729,2974,4400,2779,3935,2779,17729,2779,4400,2779,3935,17730
experiment_anchor_strengthen_prompt,VQAv2,qwen3-vl-8b-instruct,a,S0,correct,1383,10415,321,9210,321,9210,321,10415,321,9210,321,9210,321,10415,321,9210,321,9210,1115,10415,1115,1659,1115,1516,1115,10415,1115,1659,1115,1516,1115,10415,1115,1659,1115,1516,10415
experiment_anchor_strengthen_prompt,VQAv2,qwen3-vl-8b-instruct,a,S0,wrong,1055,7315,526,6582,375,5781,526,7315,526,6582,375,5781,375,7315,375,6582,375,5781,1859,7314,1859,2741,1664,2419,1859,7314,1859,2741,1664,2419,1664,7314,1664,2741,1664,2419,7315
experiment_anchor_strengthen_prompt,VQAv2,qwen3-vl-8b-instruct,d,S0,all,0,17730,0,17730,0,17730,0,17730,0,17730,0,17730,0,17730,0,17730,0,17730,0,0,0,0,0,0,0,0,0,0,0,0,0,0,0,0,0,0,17730
experiment_anchor_strengthen_prompt,VQAv2,qwen3-vl-8b-instruct,d,S0,correct,0,10415,0,10415,0,10415,0,10415,0,10415,0,10415,0,10415,0,10415,0,10415,0,0,0,0,0,0,0,0,0,0,0,0,0,0,0,0,0,0,10415
experiment_anchor_strengthen_prompt,VQAv2,qwen3-vl-8b-instruct,d,S0,wrong,0,7315,0,7315,0,7315,0,7315,0,7315,0,7315,0,7315,0,7315,0,7315,0,0,0,0,0,0,0,0,0,0,0,0,0,0,0,0,0,0,7315
experiment_distance_tally,TallyQA,llava-next-interleaved-7b,a,S1,all,340,1000,41,667,22,556,41,1000,41,667,22,556,22,1000,22,667,22,556,76,998,76,136,48,87,76,998,76,136,48,87,48,998,48,136,48,87,1000
experiment_distance_tally,TallyQA,llava-next-interleaved-7b,a,S1,correct,250,654,15,402,15,402,15,654,15,402,15,402,15,654,15,402,15,402,17,654,17,51,17,34,17,654,17,51,17,34,17,654,17,51,17,34,654
experiment_distance_tally,TallyQA,llava-next-interleaved-7b,a,S1,wrong,90,344,26,263,7,152,26,344,26,263,7,152,7,344,7,263,7,152,59,344,59,85,31,53,59,344,59,85,31,53,31,344,31,85,31,53,344
experiment_distance_tally,TallyQA,llava-next-interleaved-7b,a,S2,all,19,1000,5,983,5,983,5,1000,5,983,5,983,5,1000,5,983,5,983,65,998,65,132,65,132,65,998,65,132,65,132,65,998,65,132,65,132,1000
experiment_distance_tally,TallyQA,llava-next-interleaved-7b,a,S2,correct,3,654,3,654,3,654,3,654,3,654,3,654,3,654,3,654,3,654,33,654,33,56,33,56,33,654,33,56,33,56,33,654,33,56,33,56,654
experiment_distance_tally,TallyQA,llava-next-interleaved-7b,a,S2,wrong,16,344,2,327,2,327,2,344,2,327,2,327,2,344,2,327,2,327,32,344,32,76,32,76,32,344,32,76,32,76,32,344,32,76,32,76,344
experiment_distance_tally,TallyQA,llava-next-interleaved-7b,a,S3,all,3,1000,2,998,2,998,2,1000,2,998,2,998,2,1000,2,998,2,998,43,998,43,150,43,150,43,998,43,150,43,150,43,998,43,150,43,150,1000
experiment_distance_tally,TallyQA,llava-next-interleaved-7b,a,S3,correct,1,654,1,654,1,654,1,654,1,654,1,654,1,654,1,654,1,654,23,654,23,62,23,62,23,654,23,62,23,62,23,654,23,62,23,62,654
experiment_distance_tally,TallyQA,llava-next-interleaved-7b,a,S3,wrong,2,344,1,342,1,342,1,344,1,342,1,342,1,344,1,342,1,342,20,344,20,88,20,88,20,344,20,88,20,88,20,344,20,88,20,88,344
experiment_distance_tally,TallyQA,llava-next-interleaved-7b,a,S4,all,0,1000,0,1000,0,1000,0,1000,0,1000,0,1000,0,1000,0,1000,0,1000,49,998,49,152,49,152,49,998,49,152,49,152,49,998,49,152,49,152,1000
experiment_distance_tally,TallyQA,llava-next-interleaved-7b,a,S4,correct,0,654,0,654,0,654,0,654,0,654,0,654,0,654,0,654,0,654,28,654,28,69,28,69,28,654,28,69,28,69,28,654,28,69,28,69,654
experiment_distance_tally,TallyQA,llava-next-interleaved-7b,a,S4,wrong,0,344,0,344,0,344,0,344,0,344,0,344,0,344,0,344,0,344,21,344,21,83,21,83,21,344,21,83,21,83,21,344,21,83,21,83,344
experiment_distance_tally,TallyQA,llava-next-interleaved-7b,a,S5,all,0,1000,0,1000,0,1000,0,1000,0,1000,0,1000,0,1000,0,1000,0,1000,46,997,46,151,46,151,46,997,46,151,46,151,46,997,46,151,46,151,1000
experiment_distance_tally,TallyQA,llava-next-interleaved-7b,a,S5,correct,0,654,0,654,0,654,0,654,0,654,0,654,0,654,0,654,0,654,24,653,24,59,24,59,24,653,24,59,24,59,24,653,24,59,24,59,654
experiment_distance_tally,TallyQA,llava-next-interleaved-7b,a,S5,wrong,0,344,0,344,0,344,0,344,0,344,0,344,0,344,0,344,0,344,22,344,22,92,22,92,22,344,22,92,22,92,22,344,22,92,22,92,344
experiment_distance_vqa,VQAv2,llava-next-interleaved-7b,a,S1,all,349,1000,81,699,56,566,81,1000,81,699,56,566,56,1000,56,699,56,566,113,995,113,182,78,123,113,995,113,182,78,123,78,995,78,182,78,123,1000
experiment_distance_vqa,VQAv2,llava-next-interleaved-7b,a,S1,correct,239,601,38,386,38,386,38,601,38,386,38,386,38,601,38,386,38,386,41,601,41,74,41,60,41,601,41,74,41,60,41,601,41,74,41,60,601
experiment_distance_vqa,VQAv2,llava-next-interleaved-7b,a,S1,wrong,109,395,42,309,18,178,42,395,42,309,18,178,18,395,18,309,18,178,72,394,72,108,37,63,72,394,72,108,37,63,37,394,37,108,37,63,395
experiment_distance_vqa,VQAv2,llava-next-interleaved-7b,a,S2,all,49,1000,29,977,29,977,29,1000,29,977,29,977,29,1000,29,977,29,977,100,996,100,172,100,172,100,996,100,172,100,172,100,996,100,172,100,172,1000
experiment_distance_vqa,VQAv2,llava-next-interleaved-7b,a,S2,correct,17,601,17,601,17,601,17,601,17,601,17,601,17,601,17,601,17,601,50,601,50,77,50,77,50,601,50,77,50,77,50,601,50,77,50,77,601
experiment_distance_vqa,VQAv2,llava-next-interleaved-7b,a,S2,wrong,31,395,11,372,11,372,11,395,11,372,11,372,11,395,11,372,11,372,50,395,50,95,50,95,50,395,50,95,50,95,50,395,50,95,50,95,395
experiment_distance_vqa,VQAv2,llava-next-interleaved-7b,a,S3,all,16,1000,16,1000,16,1000,16,1000,16,1000,16,1000,16,1000,16,1000,16,1000,64,996,64,193,64,193,64,996,64,193,64,193,64,996,64,193,64,193,1000
experiment_distance_vqa,VQAv2,llava-next-interleaved-7b,a,S3,correct,12,601,12,601,12,601,12,601,12,601,12,601,12,601,12,601,12,601,38,601,38,85,38,85,38,601,38,85,38,85,38,601,38,85,38,85,601
experiment_distance_vqa,VQAv2,llava-next-interleaved-7b,a,S3,wrong,4,395,4,395,4,395,4,395,4,395,4,395,4,395,4,395,4,395,26,395,26,108,26,108,26,395,26,108,26,108,26,395,26,108,26,108,395
experiment_distance_vqa,VQAv2,llava-next-interleaved-7b,a,S4,all,14,1000,14,1000,14,1000,14,1000,14,1000,14,1000,14,1000,14,1000,14,1000,78,996,78,196,78,196,78,996,78,196,78,196,78,996,78,196,78,196,1000
experiment_distance_vqa,VQAv2,llava-next-interleaved-7b,a,S4,correct,10,601,10,601,10,601,10,601,10,601,10,601,10,601,10,601,10,601,37,601,37,79,37,79,37,601,37,79,37,79,37,601,37,79,37,79,601
experiment_distance_vqa,VQAv2,llava-next-interleaved-7b,a,S4,wrong,4,395,4,395,4,395,4,395,4,395,4,395,4,395,4,395,4,395,41,395,41,117,41,117,41,395,41,117,41,117,41,395,41,117,41,117,395
experiment_distance_vqa,VQAv2,llava-next-interleaved-7b,a,S5,all,9,1000,9,1000,9,1000,9,1000,9,1000,9,1000,9,1000,9,1000,9,1000,60,996,60,174,60,174,60,996,60,174,60,174,60,996,60,174,60,174,1000
experiment_distance_vqa,VQAv2,llava-next-interleaved-7b,a,S5,correct,8,601,8,601,8,601,8,601,8,601,8,601,8,601,8,601,8,601,37,601,37,82,37,82,37,601,37,82,37,82,37,601,37,82,37,82,601
experiment_distance_vqa,VQAv2,llava-next-interleaved-7b,a,S5,wrong,1,395,1,395,1,395,1,395,1,395,1,395,1,395,1,395,1,395,23,395,23,92,23,92,23,395,23,92,23,92,23,395,23,92,23,92,395
experiment_e5c_tally,TallyQA,llava-next-interleaved-7b,a,S1,all,323,1000,50,694,29,573,50,1000,50,694,29,573,29,1000,29,694,29,573,86,998,86,137,58,81,86,998,86,137,58,81,58,998,58,137,58,81,1000
experiment_e5c_tally,TallyQA,llava-next-interleaved-7b,a,S1,correct,229,654,19,422,19,422,19,654,19,422,19,422,19,654,19,422,19,422,22,654,22,53,22,31,22,654,22,53,22,31,22,654,22,53,22,31,654
experiment_e5c_tally,TallyQA,llava-next-interleaved-7b,a,S1,wrong,94,344,31,270,10,149,31,344,31,270,10,149,10,344,10,270,10,149,64,344,64,84,36,50,64,344,64,84,36,50,36,344,36,84,36,50,344
experiment_e5c_tally,TallyQA,llava-next-interleaved-7b,a,S2,all,23,1000,9,982,9,982,9,1000,9,982,9,982,9,1000,9,982,9,982,72,998,72,135,72,135,72,998,72,135,72,135,72,998,72,135,72,135,1000
experiment_e5c_tally,TallyQA,llava-next-interleaved-7b,a,S2,correct,5,654,5,654,5,654,5,654,5,654,5,654,5,654,5,654,5,654,33,654,33,56,33,56,33,654,33,56,33,56,33,654,33,56,33,56,654
experiment_e5c_tally,TallyQA,llava-next-interleaved-7b,a,S2,wrong,18,344,4,326,4,326,4,344,4,326,4,326,4,344,4,326,4,326,39,344,39,79,39,79,39,344,39,79,39,79,39,344,39,79,39,79,344
experiment_e5c_tally,TallyQA,llava-next-interleaved-7b,a,S3,all,0,1000,0,999,0,999,0,1000,0,999,0,999,0,1000,0,999,0,999,42,998,42,150,42,150,42,998,42,150,42,150,42,998,42,150,42,150,1000
experiment_e5c_tally,TallyQA,llava-next-interleaved-7b,a,S3,correct,0,654,0,654,0,654,0,654,0,654,0,654,0,654,0,654,0,654,23,654,23,62,23,62,23,654,23,62,23,62,23,654,23,62,23,62,654
experiment_e5c_tally,TallyQA,llava-next-interleaved-7b,a,S3,wrong,0,344,0,343,0,343,0,344,0,343,0,343,0,344,0,343,0,343,19,344,19,88,19,88,19,344,19,88,19,88,19,344,19,88,19,88,344
experiment_e5c_tally,TallyQA,llava-next-interleaved-7b,a,S4,all,2,1000,2,1000,2,1000,2,1000,2,1000,2,1000,2,1000,2,1000,2,1000,52,998,52,155,52,155,52,998,52,155,52,155,52,998,52,155,52,155,1000
experiment_e5c_tally,TallyQA,llava-next-interleaved-7b,a,S4,correct,0,654,0,654,0,654,0,654,0,654,0,654,0,654,0,654,0,654,25,654,25,59,25,59,25,654,25,59,25,59,25,654,25,59,25,59,654
experiment_e5c_tally,TallyQA,llava-next-interleaved-7b,a,S4,wrong,2,344,2,344,2,344,2,344,2,344,2,344,2,344,2,344,2,344,27,344,27,96,27,96,27,344,27,96,27,96,27,344,27,96,27,96,344
experiment_e5c_tally,TallyQA,llava-next-interleaved-7b,a,S5,all,0,1000,0,1000,0,1000,0,1000,0,1000,0,1000,0,1000,0,1000,0,1000,39,998,39,135,39,135,39,998,39,135,39,135,39,998,39,135,39,135,1000
experiment_e5c_tally,TallyQA,llava-next-interleaved-7b,a,S5,correct,0,654,0,654,0,654,0,654,0,654,0,654,0,654,0,654,0,654,22,654,22,55,22,55,22,654,22,55,22,55,22,654,22,55,22,55,654
experiment_e5c_tally,TallyQA,llava-next-interleaved-7b,a,S5,wrong,0,344,0,344,0,344,0,344,0,344,0,344,0,344,0,344,0,344,17,344,17,80,17,80,17,344,17,80,17,80,17,344,17,80,17,80,344
experiment_e5c_tally,TallyQA,llava-next-interleaved-7b,d,S0,all,0,1000,0,1000,0,1000,0,1000,0,1000,0,1000,0,1000,0,1000,0,1000,0,0,0,0,0,0,0,0,0,0,0,0,0,0,0,0,0,0,1000
experiment_e5c_tally,TallyQA,llava-next-interleaved-7b,d,S0,correct,0,654,0,654,0,654,0,654,0,654,0,654,0,654,0,654,0,654,0,0,0,0,0,0,0,0,0,0,0,0,0,0,0,0,0,0,654
experiment_e5c_tally,TallyQA,llava-next-interleaved-7b,d,S0,wrong,0,344,0,344,0,344,0,344,0,344,0,344,0,344,0,344,0,344,0,0,0,0,0,0,0,0,0,0,0,0,0,0,0,0,0,0,344
experiment_e5c_tally,TallyQA,llava-next-interleaved-7b,m,S1,all,305,1000,37,694,18,573,37,1000,37,694,18,573,18,1000,18,694,18,573,68,998,68,124,44,69,68,998,68,124,44,69,44,998,44,124,44,69,1000
experiment_e5c_tally,TallyQA,llava-next-interleaved-7b,m,S1,correct,220,654,13,422,13,422,13,654,13,422,13,422,13,654,13,422,13,422,15,654,15,49,15,24,15,654,15,49,15,24,15,654,15,49,15,24,654
experiment_e5c_tally,TallyQA,llava-next-interleaved-7b,m,S1,wrong,85,344,24,270,5,149,24,344,24,270,5,149,5,344,5,270,5,149,53,344,53,75,29,45,53,344,53,75,29,45,29,344,29,75,29,45,344
experiment_e5c_tally,TallyQA,llava-next-interleaved-7b,m,S2,all,21,1000,7,982,7,982,7,1000,7,982,7,982,7,1000,7,982,7,982,72,998,72,142,72,142,72,998,72,142,72,142,72,998,72,142,72,142,1000
experiment_e5c_tally,TallyQA,llava-next-interleaved-7b,m,S2,correct,3,654,3,654,3,654,3,654,3,654,3,654,3,654,3,654,3,654,32,654,32,56,32,56,32,654,32,56,32,56,32,654,32,56,32,56,654
experiment_e5c_tally,TallyQA,llava-next-interleaved-7b,m,S2,wrong,18,344,4,326,4,326,4,344,4,326,4,326,4,344,4,326,4,326,40,344,40,86,40,86,40,344,40,86,40,86,40,344,40,86,40,86,344
experiment_e5c_tally,TallyQA,llava-next-interleaved-7b,m,S3,all,0,1000,0,999,0,999,0,1000,0,999,0,999,0,1000,0,999,0,999,34,998,34,127,34,127,34,998,34,127,34,127,34,998,34,127,34,127,1000
experiment_e5c_tally,TallyQA,llava-next-interleaved-7b,m,S3,correct,0,654,0,654,0,654,0,654,0,654,0,654,0,654,0,654,0,654,19,654,19,53,19,53,19,654,19,53,19,53,19,654,19,53,19,53,654
experiment_e5c_tally,TallyQA,llava-next-interleaved-7b,m,S3,wrong,0,344,0,343,0,343,0,344,0,343,0,343,0,344,0,343,0,343,15,344,15,74,15,74,15,344,15,74,15,74,15,344,15,74,15,74,344
experiment_e5c_tally,TallyQA,llava-next-interleaved-7b,m,S4,all,0,1000,0,1000,0,1000,0,1000,0,1000,0,1000,0,1000,0,1000,0,1000,38,998,38,128,38,128,38,998,38,128,38,128,38,998,38,128,38,128,1000
experiment_e5c_tally,TallyQA,llava-next-interleaved-7b,m,S4,correct,0,654,0,654,0,654,0,654,0,654,0,654,0,654,0,654,0,654,20,654,20,50,20,50,20,654,20,50,20,50,20,654,20,50,20,50,654
experiment_e5c_tally,TallyQA,llava-next-interleaved-7b,m,S4,wrong,0,344,0,344,0,344,0,344,0,344,0,344,0,344,0,344,0,344,18,344,18,78,18,78,18,344,18,78,18,78,18,344,18,78,18,78,344
experiment_e5c_tally,TallyQA,llava-next-interleaved-7b,m,S5,all,0,1000,0,1000,0,1000,0,1000,0,1000,0,1000,0,1000,0,1000,0,1000,34,998,34,122,34,122,34,998,34,122,34,122,34,998,34,122,34,122,1000
experiment_e5c_tally,TallyQA,llava-next-interleaved-7b,m,S5,correct,0,654,0,654,0,654,0,654,0,654,0,654,0,654,0,654,0,654,17,654,17,47,17,47,17,654,17,47,17,47,17,654,17,47,17,47,654
experiment_e5c_tally,TallyQA,llava-next-interleaved-7b,m,S5,wrong,0,344,0,344,0,344,0,344,0,344,0,344,0,344,0,344,0,344,17,344,17,75,17,75,17,344,17,75,17,75,17,344,17,75,17,75,344
experiment_e5c_vqa,VQAv2,llava-next-interleaved-7b,a,S1,all,352,1000,78,679,53,556,78,1000,78,679,53,556,53,1000,53,679,53,556,114,996,114,188,83,128,114,996,114,188,83,128,83,996,83,188,83,128,1000
experiment_e5c_vqa,VQAv2,llava-next-interleaved-7b,a,S1,correct,236,601,36,377,36,377,36,601,36,377,36,377,36,601,36,377,36,377,41,601,41,79,41,55,41,601,41,79,41,55,41,601,41,79,41,55,601
experiment_e5c_vqa,VQAv2,llava-next-interleaved-7b,a,S1,wrong,116,395,42,298,17,176,42,395,42,298,17,176,17,395,17,298,17,176,73,395,73,109,42,73,73,395,73,109,42,73,42,395,42,109,42,73,395
experiment_e5c_vqa,VQAv2,llava-next-interleaved-7b,a,S2,all,50,1000,30,978,30,978,30,1000,30,978,30,978,30,1000,30,978,30,978,110,995,110,178,110,178,110,995,110,178,110,178,110,995,110,178,110,178,1000
experiment_e5c_vqa,VQAv2,llava-next-interleaved-7b,a,S2,correct,21,601,21,601,21,601,21,601,21,601,21,601,21,601,21,601,21,601,61,601,61,87,61,87,61,601,61,87,61,87,61,601,61,87,61,87,601
experiment_e5c_vqa,VQAv2,llava-next-interleaved-7b,a,S2,wrong,28,395,8,373,8,373,8,395,8,373,8,373,8,395,8,373,8,373,49,394,49,91,49,91,49,394,49,91,49,91,49,394,49,91,49,91,395
experiment_e5c_vqa,VQAv2,llava-next-interleaved-7b,a,S3,all,21,1000,20,998,20,998,20,1000,20,998,20,998,20,1000,20,998,20,998,76,996,76,201,76,201,76,996,76,201,76,201,76,996,76,201,76,201,1000
experiment_e5c_vqa,VQAv2,llava-next-interleaved-7b,a,S3,correct,13,601,13,601,13,601,13,601,13,601,13,601,13,601,13,601,13,601,43,601,43,90,43,90,43,601,43,90,43,90,43,601,43,90,43,90,601
experiment_e5c_vqa,VQAv2,llava-next-interleaved-7b,a,S3,wrong,8,395,7,393,7,393,7,395,7,393,7,393,7,395,7,393,7,393,33,395,33,111,33,111,33,395,33,111,33,111,33,395,33,111,33,111,395
experiment_e5c_vqa,VQAv2,llava-next-interleaved-7b,a,S4,all,16,1000,16,1000,16,1000,16,1000,16,1000,16,1000,16,1000,16,1000,16,1000,73,996,73,192,73,192,73,996,73,192,73,192,73,996,73,192,73,192,1000
experiment_e5c_vqa,VQAv2,llava-next-interleaved-7b,a,S4,correct,11,601,11,601,11,601,11,601,11,601,11,601,11,601,11,601,11,601,38,601,38,79,38,79,38,601,38,79,38,79,38,601,38,79,38,79,601
experiment_e5c_vqa,VQAv2,llava-next-interleaved-7b,a,S4,wrong,5,395,5,395,5,395,5,395,5,395,5,395,5,395,5,395,5,395,35,395,35,113,35,113,35,395,35,113,35,113,35,395,35,113,35,113,395
experiment_e5c_vqa,VQAv2,llava-next-interleaved-7b,a,S5,all,13,1000,13,1000,13,1000,13,1000,13,1000,13,1000,13,1000,13,1000,13,1000,65,996,65,184,65,184,65,996,65,184,65,184,65,996,65,184,65,184,1000
experiment_e5c_vqa,VQAv2,llava-next-interleaved-7b,a,S5,correct,10,601,10,601,10,601,10,601,10,601,10,601,10,601,10,601,10,601,36,601,36,79,36,79,36,601,36,79,36,79,36,601,36,79,36,79,601
experiment_e5c_vqa,VQAv2,llava-next-interleaved-7b,a,S5,wrong,3,395,3,395,3,395,3,395,3,395,3,395,3,395,3,395,3,395,29,395,29,105,29,105,29,395,29,105,29,105,29,395,29,105,29,105,395
experiment_e5c_vqa,VQAv2,llava-next-interleaved-7b,d,S0,all,0,1000,0,1000,0,1000,0,1000,0,1000,0,1000,0,1000,0,1000,0,1000,0,0,0,0,0,0,0,0,0,0,0,0,0,0,0,0,0,0,1000
experiment_e5c_vqa,VQAv2,llava-next-interleaved-7b,d,S0,correct,0,601,0,601,0,601,0,601,0,601,0,601,0,601,0,601,0,601,0,0,0,0,0,0,0,0,0,0,0,0,0,0,0,0,0,0,601
experiment_e5c_vqa,VQAv2,llava-next-interleaved-7b,d,S0,wrong,0,395,0,395,0,395,0,395,0,395,0,395,0,395,0,395,0,395,0,0,0,0,0,0,0,0,0,0,0,0,0,0,0,0,0,0,395
experiment_e5c_vqa,VQAv2,llava-next-interleaved-7b,m,S1,all,319,1000,42,679,27,556,42,1000,42,679,27,556,27,1000,27,679,27,556,78,996,78,154,56,102,78,996,78,154,56,102,56,996,56,154,56,102,1000
experiment_e5c_vqa,VQAv2,llava-next-interleaved-7b,m,S1,correct,221,601,20,377,20,377,20,601,20,377,20,377,20,601,20,377,20,377,25,601,25,66,25,43,25,601,25,66,25,43,25,601,25,66,25,43,601
experiment_e5c_vqa,VQAv2,llava-next-interleaved-7b,m,S1,wrong,98,395,22,298,7,176,22,395,22,298,7,176,7,395,7,298,7,176,53,395,53,88,31,59,53,395,53,88,31,59,31,395,31,88,31,59,395
experiment_e5c_vqa,VQAv2,llava-next-interleaved-7b,m,S2,all,25,1000,7,978,7,978,7,1000,7,978,7,978,7,1000,7,978,7,978,87,996,87,154,87,154,87,996,87,154,87,154,87,996,87,154,87,154,1000
experiment_e5c_vqa,VQAv2,llava-next-interleaved-7b,m,S2,correct,4,601,4,601,4,601,4,601,4,601,4,601,4,601,4,601,4,601,42,601,42,63,42,63,42,601,42,63,42,63,42,601,42,63,42,63,601
experiment_e5c_vqa,VQAv2,llava-next-interleaved-7b,m,S2,wrong,21,395,3,373,3,373,3,395,3,373,3,373,3,395,3,373,3,373,45,395,45,91,45,91,45,395,45,91,45,91,45,395,45,91,45,91,395
experiment_e5c_vqa,VQAv2,llava-next-interleaved-7b,m,S3,all,3,1000,2,998,2,998,2,1000,2,998,2,998,2,1000,2,998,2,998,52,995,52,157,52,157,52,995,52,157,52,157,52,995,52,157,52,157,1000
experiment_e5c_vqa,VQAv2,llava-next-interleaved-7b,m,S3,correct,0,601,0,601,0,601,0,601,0,601,0,601,0,601,0,601,0,601,28,601,28,66,28,66,28,601,28,66,28,66,28,601,28,66,28,66,601
experiment_e5c_vqa,VQAv2,llava-next-interleaved-7b,m,S3,wrong,3,395,2,393,2,393,2,395,2,393,2,393,2,395,2,393,2,393,24,394,24,91,24,91,24,394,24,91,24,91,24,394,24,91,24,91,395
experiment_e5c_vqa,VQAv2,llava-next-interleaved-7b,m,S4,all,0,1000,0,1000,0,1000,0,1000,0,1000,0,1000,0,1000,0,1000,0,1000,46,996,46,155,46,155,46,996,46,155,46,155,46,996,46,155,46,155,1000
experiment_e5c_vqa,VQAv2,llava-next-interleaved-7b,m,S4,correct,0,601,0,601,0,601,0,601,0,601,0,601,0,601,0,601,0,601,26,601,26,67,26,67,26,601,26,67,26,67,26,601,26,67,26,67,601
experiment_e5c_vqa,VQAv2,llava-next-interleaved-7b,m,S4,wrong,0,395,0,395,0,395,0,395,0,395,0,395,0,395,0,395,0,395,20,395,20,88,20,88,20,395,20,88,20,88,20,395,20,88,20,88,395
experiment_e5c_vqa,VQAv2,llava-next-interleaved-7b,m,S5,all,0,1000,0,1000,0,1000,0,1000,0,1000,0,1000,0,1000,0,1000,0,1000,37,996,37,151,37,151,37,996,37,151,37,151,37,996,37,151,37,151,1000
experiment_e5c_vqa,VQAv2,llava-next-interleaved-7b,m,S5,correct,0,601,0,601,0,601,0,601,0,601,0,601,0,601,0,601,0,601,19,601,19,60,19,60,19,601,19,60,19,60,19,601,19,60,19,60,601
experiment_e5c_vqa,VQAv2,llava-next-interleaved-7b,m,S5,wrong,0,395,0,395,0,395,0,395,0,395,0,395,0,395,0,395,0,395,18,395,18,91,18,91,18,395,18,91,18,91,18,395,18,91,18,91,395
experiment_e5e_chartqa_full,ChartQA,gemma3-27b-it,a,S1,all,101,632,20,541,12,493,20,632,20,541,12,493,12,632,12,541,12,493,60,623,60,96,45,71,60,623,60,96,45,71,45,623,45,96,45,71,632
experiment_e5e_chartqa_full,ChartQA,gemma3-27b-it,a,S1,correct,74,403,5,328,5,328,5,403,5,328,5,328,5,403,5,328,5,328,6,403,6,16,6,10,6,403,6,16,6,10,6,403,6,16,6,10,403
experiment_e5e_chartqa_full,ChartQA,gemma3-27b-it,a,S1,wrong,27,222,15,206,7,159,15,222,15,206,7,159,7,222,7,206,7,159,54,220,54,80,39,61,54,220,54,80,39,61,39,220,39,80,39,61,222
experiment_e5e_chartqa_full,ChartQA,gemma3-27b-it,d,S0,all,0,705,0,705,0,705,0,705,0,705,0,705,0,705,0,705,0,705,0,0,0,0,0,0,0,0,0,0,0,0,0,0,0,0,0,0,705
experiment_e5e_chartqa_full,ChartQA,gemma3-27b-it,d,S0,correct,0,458,0,458,0,458,0,458,0,458,0,458,0,458,0,458,0,458,0,0,0,0,0,0,0,0,0,0,0,0,0,0,0,0,0,0,458
experiment_e5e_chartqa_full,ChartQA,gemma3-27b-it,d,S0,wrong,0,240,0,240,0,240,0,240,0,240,0,240,0,240,0,240,0,240,0,0,0,0,0,0,0,0,0,0,0,0,0,0,0,0,0,0,240
experiment_e5e_chartqa_full,ChartQA,gemma3-27b-it,m,S1,all,94,632,12,541,6,493,12,632,12,541,6,493,6,632,6,541,6,493,49,622,49,85,38,64,49,622,49,85,38,64,38,622,38,85,38,64,632
experiment_e5e_chartqa_full,ChartQA,gemma3-27b-it,m,S1,correct,72,403,3,328,3,328,3,403,3,328,3,328,3,403,3,328,3,328,4,403,4,14,4,8,4,403,4,14,4,8,4,403,4,14,4,8,403
experiment_e5e_chartqa_full,ChartQA,gemma3-27b-it,m,S1,wrong,22,222,9,206,3,159,9,222,9,206,3,159,3,222,3,206,3,159,45,219,45,71,34,56,45,219,45,71,34,56,34,219,34,71,34,56,222
experiment_e5e_chartqa_full,ChartQA,llava-next-interleaved-7b,a,S1,all,69,632,17,574,12,495,17,632,17,574,12,495,12,632,12,574,12,495,89,576,89,145,79,125,89,576,89,145,79,125,79,576,79,145,79,125,632
experiment_e5e_chartqa_full,ChartQA,llava-next-interleaved-7b,a,S1,correct,43,216,3,172,3,172,3,216,3,172,3,172,3,216,3,172,3,172,15,216,15,25,15,21,15,216,15,25,15,21,15,216,15,25,15,21,216
experiment_e5e_chartqa_full,ChartQA,llava-next-interleaved-7b,a,S1,wrong,25,361,13,347,9,282,13,361,13,347,9,282,9,361,9,347,9,282,74,360,74,120,64,104,74,360,74,120,64,104,64,360,64,120,64,104,361
experiment_e5e_chartqa_full,ChartQA,llava-next-interleaved-7b,d,S0,all,0,705,0,705,0,705,0,705,0,705,0,705,0,705,0,705,0,705,0,0,0,0,0,0,0,0,0,0,0,0,0,0,0,0,0,0,705
experiment_e5e_chartqa_full,ChartQA,llava-next-interleaved-7b,d,S0,correct,0,239,0,239,0,239,0,239,0,239,0,239,0,239,0,239,0,239,0,0,0,0,0,0,0,0,0,0,0,0,0,0,0,0,0,0,239
experiment_e5e_chartqa_full,ChartQA,llava-next-interleaved-7b,d,S0,wrong,0,405,0,405,0,405,0,405,0,405,0,405,0,405,0,405,0,405,0,0,0,0,0,0,0,0,0,0,0,0,0,0,0,0,0,0,405
experiment_e5e_chartqa_full,ChartQA,llava-next-interleaved-7b,m,S1,all,55,632,5,574,3,495,5,632,5,574,3,495,3,632,3,574,3,495,67,576,67,117,58,97,67,576,67,117,58,97,58,576,58,117,58,97,632
experiment_e5e_chartqa_full,ChartQA,llava-next-interleaved-7b,m,S1,correct,40,216,1,172,1,172,1,216,1,172,1,172,1,216,1,172,1,172,11,216,11,23,11,18,11,216,11,23,11,18,11,216,11,23,11,18,216
experiment_e5e_chartqa_full,ChartQA,llava-next-interleaved-7b,m,S1,wrong,15,361,4,347,2,282,4,361,4,347,2,282,2,361,2,347,2,282,56,360,56,94,47,79,56,360,56,94,47,79,47,360,47,94,47,79,361
experiment_e5e_chartqa_full,ChartQA,qwen2.5-vl-7b-instruct,a,S1,all,104,632,9,534,6,497,9,632,9,534,6,497,6,632,6,534,6,497,31,610,31,46,26,41,31,610,31,46,26,41,26,610,26,46,26,41,632
experiment_e5e_chartqa_full,ChartQA,qwen2.5-vl-7b-instruct,a,S1,correct,90,479,4,393,4,393,4,479,4,393,4,393,4,479,4,393,4,393,6,479,6,14,6,14,6,479,6,14,6,14,6,479,6,14,6,14,479
experiment_e5e_chartqa_full,ChartQA,qwen2.5-vl-7b-instruct,a,S1,wrong,14,132,5,120,2,89,5,132,5,120,2,89,2,132,2,120,2,89,25,131,25,32,20,27,25,131,25,32,20,27,20,131,20,32,20,27,132
experiment_e5e_chartqa_full,ChartQA,qwen2.5-vl-7b-instruct,d,S0,all,0,705,0,705,0,705,0,705,0,705,0,705,0,705,0,705,0,705,0,0,0,0,0,0,0,0,0,0,0,0,0,0,0,0,0,0,705
experiment_e5e_chartqa_full,ChartQA,qwen2.5-vl-7b-instruct,d,S0,correct,0,540,0,540,0,540,0,540,0,540,0,540,0,540,0,540,0,540,0,0,0,0,0,0,0,0,0,0,0,0,0,0,0,0,0,0,540
experiment_e5e_chartqa_full,ChartQA,qwen2.5-vl-7b-instruct,d,S0,wrong,0,143,0,143,0,143,0,143,0,143,0,143,0,143,0,143,0,143,0,0,0,0,0,0,0,0,0,0,0,0,0,0,0,0,0,0,143
experiment_e5e_chartqa_full,ChartQA,qwen2.5-vl-7b-instruct,m,S1,all,101,632,7,534,4,497,7,632,7,534,4,497,4,632,4,534,4,497,28,609,28,43,23,35,28,609,28,43,23,35,23,609,23,43,23,35,632
experiment_e5e_chartqa_full,ChartQA,qwen2.5-vl-7b-instruct,m,S1,correct,85,479,2,393,2,393,2,479,2,393,2,393,2,479,2,393,2,393,4,479,4,14,4,11,4,479,4,14,4,11,4,479,4,14,4,11,479
experiment_e5e_chartqa_full,ChartQA,qwen2.5-vl-7b-instruct,m,S1,wrong,16,132,5,120,2,89,5,132,5,120,2,89,2,132,2,120,2,89,24,130,24,29,19,24,24,130,24,29,19,24,19,130,19,29,19,24,132
experiment_e5e_tallyqa_full,TallyQA,llava-next-interleaved-7b,a,S1,all,5641,38245,879,33102,660,31727,879,38245,879,33102,660,31727,660,38245,660,33102,660,31727,2509,38211,2509,4324,2212,3819,2509,38211,2509,4324,2212,3819,2212,38211,2212,4324,2212,3819,38245
experiment_e5e_tallyqa_full,TallyQA,llava-next-interleaved-7b,a,S1,correct,3930,27036,383,23330,383,23330,383,27036,383,23330,383,23330,383,27036,383,23330,383,23330,1084,27036,1084,1734,1084,1575,1084,27036,1084,1734,1084,1575,1084,27036,1084,1734,1084,1575,27036
experiment_e5e_tallyqa_full,TallyQA,llava-next-interleaved-7b,a,S1,wrong,1707,11178,492,9741,275,8369,492,11178,492,9741,275,8369,275,11178,275,9741,275,8369,1425,11175,1425,2590,1128,2244,1425,11175,1425,2590,1128,2244,1128,11175,1128,2590,1128,2244,11178
experiment_e5e_tallyqa_full,TallyQA,llava-next-interleaved-7b,d,S0,all,0,38245,0,38245,0,38245,0,38245,0,38245,0,38245,0,38245,0,38245,0,38245,0,0,0,0,0,0,0,0,0,0,0,0,0,0,0,0,0,0,38245
experiment_e5e_tallyqa_full,TallyQA,llava-next-interleaved-7b,d,S0,correct,0,27036,0,27036,0,27036,0,27036,0,27036,0,27036,0,27036,0,27036,0,27036,0,0,0,0,0,0,0,0,0,0,0,0,0,0,0,0,0,0,27036
experiment_e5e_tallyqa_full,TallyQA,llava-next-interleaved-7b,d,S0,wrong,0,11178,0,11178,0,11178,0,11178,0,11178,0,11178,0,11178,0,11178,0,11178,0,0,0,0,0,0,0,0,0,0,0,0,0,0,0,0,0,0,11178
experiment_e5e_tallyqa_full,TallyQA,llava-next-interleaved-7b,m,S1,all,5174,38245,481,33102,319,31727,481,38245,481,33102,319,31727,319,38245,319,33102,319,31727,2156,38210,2156,3888,1915,3428,2156,38210,2156,3888,1915,3428,1915,38210,1915,3888,1915,3428,38245
experiment_e5e_tallyqa_full,TallyQA,llava-next-interleaved-7b,m,S1,correct,3732,27036,200,23330,200,23330,200,27036,200,23330,200,23330,200,27036,200,23330,200,23330,932,27036,932,1548,932,1374,932,27036,932,1548,932,1374,932,27036,932,1548,932,1374,27036
experiment_e5e_tallyqa_full,TallyQA,llava-next-interleaved-7b,m,S1,wrong,1440,11178,279,9741,119,8369,279,11178,279,9741,119,8369,119,11178,119,9741,119,8369,1224,11174,1224,2340,983,2054,1224,11174,1224,2340,983,2054,983,11174,983,2340,983,2054,11178
experiment_e5e_tallyqa_full,TallyQA,qwen2.5-vl-7b-instruct,a,S1,all,5142,38245,348,33104,236,32214,348,38245,348,33104,236,32214,236,38245,236,33104,236,32214,1110,38245,1110,2755,967,2417,1110,38245,1110,2755,967,2417,967,38245,967,2755,967,2417,38245
experiment_e5e_tallyqa_full,TallyQA,qwen2.5-vl-7b-instruct,a,S1,correct,4171,30704,150,26513,150,26513,150,30704,150,26513,150,26513,150,30704,150,26513,150,26513,470,30704,470,1273,470,1103,470,30704,470,1273,470,1103,470,30704,470,1273,470,1103,30704
experiment_e5e_tallyqa_full,TallyQA,qwen2.5-vl-7b-instruct,a,S1,wrong,971,7541,198,6591,86,5701,198,7541,198,6591,86,5701,86,7541,86,6591,86,5701,640,7541,640,1482,497,1314,640,7541,640,1482,497,1314,497,7541,497,1482,497,1314,7541
experiment_e5e_tallyqa_full,TallyQA,qwen2.5-vl-7b-instruct,d,S0,all,0,38245,0,38245,0,38245,0,38245,0,38245,0,38245,0,38245,0,38245,0,38245,0,0,0,0,0,0,0,0,0,0,0,0,0,0,0,0,0,0,38245
experiment_e5e_tallyqa_full,TallyQA,qwen2.5-vl-7b-instruct,d,S0,correct,0,30704,0,30704,0,30704,0,30704,0,30704,0,30704,0,30704,0,30704,0,30704,0,0,0,0,0,0,0,0,0,0,0,0,0,0,0,0,0,0,30704
experiment_e5e_tallyqa_full,TallyQA,qwen2.5-vl-7b-instruct,d,S0,wrong,0,7541,0,7541,0,7541,0,7541,0,7541,0,7541,0,7541,0,7541,0,7541,0,0,0,0,0,0,0,0,0,0,0,0,0,0,0,0,0,0,7541
experiment_e5e_tallyqa_full,TallyQA,qwen2.5-vl-7b-instruct,m,S1,all,5157,38245,354,33104,231,32214,354,38245,354,33104,231,32214,231,38245,231,33104,231,32214,1143,38245,1143,2791,989,2451,1143,38245,1143,2791,989,2451,989,38245,989,2791,989,2451,38245
experiment_e5e_tallyqa_full,TallyQA,qwen2.5-vl-7b-instruct,m,S1,correct,4171,30704,139,26513,139,26513,139,30704,139,26513,139,26513,139,30704,139,26513,139,26513,471,30704,471,1249,471,1090,471,30704,471,1249,471,1090,471,30704,471,1249,471,1090,30704
experiment_e5e_tallyqa_full,TallyQA,qwen2.5-vl-7b-instruct,m,S1,wrong,986,7541,215,6591,92,5701,215,7541,215,6591,92,5701,92,7541,92,6591,92,5701,672,7541,672,1542,518,1361,672,7541,672,1542,518,1361,518,7541,518,1542,518,1361,7541
